标题,内容
四川省叙永县2015年地质灾害1/5万详细调查报告,：受“5.12”汶川特大地震的影响，引发崩塌、滑坡、泥石流、地面塌陷、不稳定斜坡等次生地质灾害，根据相关要求，我单位通过资料收集和野外踏勘，积极参与四川省2015年地质灾害详细调查4标段的投标活动，2015年6月取得四川省地灾事务中心的中标通知。叙永县是四川省泸州市下辖县，位于四川盆地南缘，接壤云贵，鸡鸣三省，地理坐标为东经105°03′～105°40′，北纬27°42′～28°31′。资料收集、遥感解译、地质灾害调查测绘、大比例尺地形测量和工程地质测绘、工程地质钻探、山地工程、测试、试验、城镇、居民集中区后山斜坡调查评价、数据采集及数据库建设等。本次详查资料整理及成果编制工作于2015年10月至2016年1月进行，项目成果主要包括文字报告、附图附件和地质灾害信息系统建设3个部分。提交的主要文字成果有：1、四川省2015年叙永县1：50000地质灾害详细调查报告；2、四川省2015年叙永县地质灾害详细调查遥感解译专题报告；3、四川省2015年叙永县地质灾害详细调查物探解译专题报告；4、四川省2015年叙永县地质灾害详细调查重点场镇综合调查报告；5、四川省2015年叙永县地质灾害详细调查典型小流域综合调查报告；6、四川省2015年叙永县地质灾害详细调查重大地质灾害勘查报告7、四川省2015年叙永县地质灾害详细调查数据库建设报告；8、四川省2015年叙永县避险搬迁安置规划报告（建议稿）；9、四川省2015年叙永县重大地质灾害治理工程复核报告；10、四川省2015年叙永县地质灾害防治规划（2015年修编）（建议稿）；
四川省2016年遂宁市射洪县地质灾害详细调查报告,四川省2016年地质灾害详细调查招标项目通过公开招投标方式确定四川省地质调查院为四川省遂宁市射洪县地质灾害详细调查项目承担单位。
四川省木里县地质灾害调查与防治区划报告,"《四川省木里县地质灾害调查与防治区划》项目由四川省地矿局成都水文地质工程地质中心承担。目的是查明木里县的地质灾害隐患，划出地质灾害易发区，建立地质灾害信息系统，为有计划地开展地质灾害防治提供科学依据。完成工作量:地质灾害调查13253km2，调查地质灾害点99个，其中有隐患的泥石流沟22条,滑坡、崩塌69处.不稳定斜坡8处。取得的主要成果：基本查明了区内地质灾害类型主要为滑坡、泥石流灾害,阐述了地质灾害的规模、分布、形成条件、诱发因素。对危害大的滑坡、泥石流，研究了其形体特征、形成条件、影响因素，分析评价了其稳定性。在综合分析影响地质灾害发育的地质环境条件和主导因素的基础上，依据地质灾害发育现状，对木里县地质灾害易发程度进行了分区评价，编制了《四川省木里县地质灾害分布及易发图》。编制了《四川省木里县地质灾害防治规划图》，确定出重点防治区、次重点防治区、一般防治区以及重点防治段。提出地质灾害防治规划，"
四川省阿坝州理县地质灾害详细调查成果报告,根据《四川省地质灾害综合防治体系建设总体方案》，“四川省2016年地质灾害详细调查项目”已由四川省国土资源厅以【川国土资函】2016-80号批准建设，项目业主为四川省地政地藉事务中心，建设资金100%来自中央财政投资，由四川省地政地藉事务中心于2016年4月5日发布该项目的招标公告，对本项目调查工作进行公开招标，其中第29标段为“四川省理县地质灾害详细调查”。成都华建勘察工程公司在资料收集和野外踏勘基础上，通过竞标，承担了“四川省理县2016年地质灾害详细调查第29标段（理县）”工作。在充分收集前期已完成地质灾害调查评价、震后地质灾害应急排查、重大地质灾害应急勘查、安置点地质灾害危险性评估等成果的基础上，充分利用项目区卫星和航空遥感资料，以1:5万地质灾害调查测绘为主，重要城镇及典型小流域开展1：1万地质灾害测绘，辅以工程勘查、试验等技术手段，开展理县地质灾害详细调查。重点对县城、13个乡镇、85个行政村（居委会）、202个居民小组、54所中小学（幼儿园）等人口密集区，米亚罗、毕棚沟、古尔沟、桃坪羌寨等重要风景名胜区，国道G317等重要交通干线，甘堡、理县等11个已建或在建水电站及其他重要基础设施分布区域开展地质灾害详细调查。通过调查，全面复核已有466处地质灾害点，调查新增滑坡、崩塌、泥石流等地质灾害（隐患），基于地质灾害发育规律及工程地质条件分区，开展地质灾害易发性、危险性评价与区划。结合地质灾害隐患点特征、易发性、危害性及受地质灾害威胁农户搬迁意愿，针对性提出防治对策建议，建立地质灾害隐患点台帐、工程治理台帐、排危除险台帐、避险搬迁安置台帐。开展典型小流域1:10000地质灾害测绘，对地质灾害易发性、危险性进行分区评价，结合地质灾害调查及成灾历史、威胁对象等入户访问，实时对受访农户进行地质灾害防灾知识简易培训；落实专业技术人员对受地质灾害威胁群众、群测群防员及相关管理人员定期开展地质灾害防灾知识集中培训；开展汛期驻守督导工作，对汛期突发地质灾害协助地方政府进行现场应急调查及处置，配合当地政府有效开展汛期地质灾害应急抢险和主动预防避让工作。本次详查各项工作能够满足各项技术规范及省厅任务书要求，各项工作质量真实可靠。
四川省西昌市地质灾害调查与防治区划报告,"《四川省西昌市地质灾害调查与防治区划》项目由四川省地矿局成都水文地质工程地质中心承担。目的是查明地质灾害隐患点,划出地质灾害易发区,建立地质灾害信息系统。为西昌市制定地质灾害防治规划提供科学依据。完成工作量:地质灾害调查2654.89km2,调查地质灾害点76处，其中滑坡26处,泥石流50处。取得的主要成果：查明了区内地质灾害类型主要为泥石流、滑坡灾害,阐述了地质灾害的规模、分布、形成条件、诱发因素。对危害大的滑坡、泥石流,研究了其形体特征、形成条件、影响因素，分析评价了其稳定性。对全市76处地质灾害隐患点进行了灾情预评估。在综合分析影响地质灾害发育的地质环境条件和主导因素的基础上,编制了《四川省西昌市地质灾害分布及易发图》,对3个高易发区，3个中易发区和1个低易发区分别进行了阐述。编制了《四川省西昌市地质灾害防治规划图》，确定出重点防治区、次重点防治区、一般防治区以及重点防治段。并提出了防治措施。"
四川省盐源县地质灾害调查与区划报告,"《四川省盐源县地质灾害调查与区划》项目由四川省地矿局成都水文地质工程地质中心承担。目的是查明盐源县地质灾害隐患,圈定地质灾害易发区,建立地质灾害信息系统.为盐源县制定该地区地质环境监督管理提供科学依据。完成工作量:地质灾害调查8388km2,调查地质灾害点198个,其中滑坡101处,泥石流40处,不稳定斜坡48处,地面塌陷7处,地裂缝2条。取得的主要成果：基本查明了区内地质灾害类型、规模、数量、分布、形成条件、诱发因素、稳定性、危害性。对盐源县内的滑坡、泥石流、不稳定斜坡和地面塌陷进行了研究。查明了各类地质灾害的形体特征、形成条件、影响因素,分析评价了其稳定性。对县内地质灾害的发育规律进行了论述。在综合分析影响地质灾害发育的地质环境条件和主要动力因素的基础上，编制了《四川省盐源县地质灾害分布及易发程度分区图》。编制了《四川省盐源县地质灾害防治规划图》，并提出了防治措施。"
四川省44县地震地质灾害应急排查信息系统,《四川省44个严重受灾县(市、区)地质灾害应急排查成果信息系统建设》项目是由中国地质调查局下达任务（任务书编号水[2009]03-14-01），四川省地质环境监测总站承担完成。该项目起止时间为2009年1月至12月，工作经费为100万元人民币。  该项目通过系统收集“5.12”汶川地震灾区44个县的地质灾害排查、巡查工作成果，辅以适量地调查与校核工作，应用数据库技术、GIS技术、组件技术等理论和方法，开发震后地质灾害排查数据管理信息平台，实现排查数据汇总、集成、管理的一体化，为灾后重建规划、避险搬迁选址和地质灾害防治等提供决策支持。  项目主要成果包括：(1)《四川省44个严重受灾县(市、区)地质灾害应急排查成果信息系统建设报告》；(2)四川省44个严重受灾县(市、区)地质灾害应急排查地质灾害分布图集；(3)地质灾害信息综合基础数据库；(4)地质灾害信息管理系统；(5)系统需求报告；(6)概要设计报告；(7)系统详细设计报告；(8)软件测试文档；(9)系统使用手册。
四川省泸州市地质灾害调查研究报告,根据四川省地质环境监测总站下达的任务要求，该站对泸州市的主要环境地质问题，开展工程地质和环境地质的综合调查。在充分利用收集资料和野外调查的基础上经过综合分析研究编制了本报告。报告内容包括五个部分：一.自然地质环境及社会经济活动；二.地质灾害及分布特征；三.地质灾害分区；四.地质灾害的防治对策；五.结论与建议。附图为《四川省泸州市地质灾害分布图》
四川省县（市）地质灾害调查与区划综合研究报告,《四川省县（市）地质灾害调查与区划综合研究报告》由四川省地勘局成都水文地质工程地质队完成。目的：查明该区不同地质灾害类型的发育分布规律，重大地质灾害隐患点分布及危害程度，划定地质灾害易发区；客观分析县（市、区）地质灾害调查及群测群防体系运行的防灾减灾效果。该区行政区划隶属四川省管辖。完成工作量：地质灾害调查46.90万平方千米，调查乡镇4424个、行政村48393个，各类地质灾害点27434处，拍摄照片8万余张等。取得成果：查明了该区地形地貌、地层岩性、地质构造、水文地质条件、工程地质特征及人类工程活动等。全省共查明地质灾害灾情和险情隐患记录27434处，其中不稳定斜坡调查点3731处，滑坡调查点13777处，崩塌调查点6385处，泥石流调查点3171处，地面塌陷调查点275处，地裂缝调查点95处，查明了其分布范围、规模、结构特征、影响因素和引发因素等，并对其稳定性、危害程度及潜在危险性进行了评价。将四川省境内划分为地质灾害高易发区、中易发区、低易发和不易发四个级别的地质灾害易发区，查明了每个区的特征、地质灾害发育分布特点、灾类数量及其危害对象，容易发生的灾害及其发生条件。将四川省划分为重点防治区、次重点防治区和一般防治区等3个区，10个亚区，建立了动态的群测群防、群专结合的监测预警网络；另对严重威胁人民生命财产的15478处地质灾害点采取了搬迁避让、专业监测或工程治理措施。
四川省甘孜州炉霍县地质灾害详细调查成果报告,四川省甘孜州炉霍县2016年地质灾害详细调查为四川省国土资源厅确定的四川省2016年地质灾害详细调查项目之一，由四川省国土资源厅以【川国土资办函】2016-80号批准建设，项目业主为四川省地政地籍事务中心，建设资金来自地方财政，项目出资比例为100%。  通过遥感解译、地面调查、测绘，辅以勘探、物探、试验等技术手段，开展四川省甘孜州炉霍县滑坡、崩塌、泥石流及不稳定斜坡等地质灾害调查、测绘与勘查，查明县域地质灾害分布发育特征及孕灾的地质环境条件，科学评价其危害性；划定地质灾害易发区、危险区；编制县域地质灾害防治区划、避险搬迁安置工程区划、重点场镇和典型小流域综合整治项目建议，复核已实施重大地质灾害治理工程功效，从而达到有效服务基层防灾减灾工作，减轻地质灾害造成的人员伤亡及财产损失，推进社会经济可持续发展的目的。  炉霍县位于甘孜藏族自治州中北部，全县平均海拔3860米，炉霍县辖区面积5796.64平方公里，辖14个乡、2个镇、4个工委，171个行政村，其中藏族占95.1%。  截止2016年10月，炉霍县地质灾害1:5万详细调查结束，共调查地质灾害158处，其中泥石流103处，滑坡32处，不稳定斜坡22处，崩塌1处。经2016年地质灾害1:5万详细调查，销号15处，现存灾害点143处；移交交通部门7处，水利部门2处，现存国土部门灾害点134处。  从现存灾害点143处统计：崩塌1处（8户49人，威胁财产170万元）、不稳定斜坡19处（威胁144户846人，威胁财产3235万元）、滑坡29处（威胁238户2046人，威胁财产8973万元）、泥石流94处（威胁932户5419人，威胁财产24029万元）
四川省万源市地质灾害调查与区划报告,《四川省万源市地质灾害调查与区划》报告由四川省地矿局成都水文地质工程地质中心完成。目的：查明万源市地质灾害隐患，圈定地质灾害易发区和危险区，建立地质灾害信息系统，建立健全群专结合的监测网络，为有计划地开展地质灾害防治提供环境地质科学依据。万源市位于四川省东北部，辖12个镇41个乡，23个居民委员会，410个村民委员会，366个村。完成工作量：地质灾害调查4065km^[2]，调查地质灾害点193处，其中滑坡166处、崩塌15处、泥石流沟6条、地面塌陷3处、不稳定斜坡3处。取得的主要成果：查明了地质灾害类型主要为滑坡、崩塌、泥石流、地面塌陷和不稳定斜坡，对地质灾害的规模、分布、形成条件、诱发因素等进行了数据采集。对重要灾害点的形态特征、形成条件、影响因素和发展趋势进行了深入分析研究和稳定性评价，对全县地质灾害的发育规律进行了论述。依据地质灾害发育现状，采用致灾因子和灾害现状叠加进行了地质灾害易发程度分区评价。编制了地质灾害分布及易发图，对不同程度易发区进行了分区评述。依据地质灾害易发程度分区并结合经济建设发展情况，编制了《四川省德昌县地质灾害防治规划图》，确定了重点防治区、次重点防治区、一般防治区。提出了避让、监测预报和工程治理措施为主要的地质灾害防治规划，建立了全县地质灾害群测群防监测系统。
四川省洪雅县地质灾害调查与区划报告,"<四川省洪雅县地质灾害调查与区划>项目由四川省地勘局九一五地质队承担并完成。工作目的:查明洪雅县域内的地质灾害隐患点的危险性和危害性，划出洪雅县域的地质灾害易发区，建立地质灾害信息系统；为建立健全洪雅县群专结合的地质灾害监测网络，编制地质灾害防治规划，有计划有步骤地开展地质灾害防治,为促进社会进步和国民经济建设发展和国家西部大开发提供地质灾害资料依据。洪雅县地处四川盆地西南部，面积1948.43平方公里，总人口34.15万人。完成工作量：调查区面积1948.00km2，重点调查区约500 km2，一般调查区1200 km2，调查各类地质灾害点179个，其中滑坡160处、泥石流1处、地面塌陷6处、危岩体12处，对49个典型滑坡实测剖面150条、危岩体节理裂隙实测3处。主要成果：把野处所收集的资料进行整理分类和研究，编制了《四川省洪雅县地质灾害调查与区划报告》，建立了该县地质灾害数据库和信息系统。该报告查明了洪雅县的地质地貌、气象水文、地层岩性、地质构造及地震、人类工程经济活动、地质灾害分布特征及发育特征，对地质灾害稳定性进行了分析预测，估算了地质灾害造成的损失和危害，提出了重要地质灾害点的防治措施。"
四川省凉山州冕宁县地质灾害详细调查成果报告,任务由来：受\
四川省雨城区地质灾害（补充）调查与区划报告,《四川省雅安市雨城区地质灾害（补充）调查与区划》报告由四川省地矿局九0九水文工程地质队完成。目的：对全区地质灾害隐患点、地质灾害易发区及地质灾害重点防治区和防治重点进行了补充调查，对安置场址进行选址调查与评价。雨城区为雅安市政治、经济、文化中心，辖19个乡镇、191个行政村。完成工作量：对127处地质灾害隐患点进行补充调查，新增地质灾害隐患点40处。取得的主要成果：查明了全区地质灾害分布现状及地质灾害主要类型。阐述了各类地质灾害点的规模、分布、形成条件、诱发因素。对3处重要地质灾害隐患点进行了评估与预测。依据地质灾害形成的环境条件、诱发因素和危害程度，将雨城区划分为4个地质灾害高易发区、2个中易发区、6个不易发区。在易发分区基础上，确定出重点防治区、次重点防治区和一般防治区。提出了地质灾害防治建议和防治规划。落实了地质灾害群测群防网络体系。在分析全区地质灾害隐患点的危险性与危害性的基础上，确定需搬迁安置的地质灾害隐患点41处281户，对搬迁新址适宜性进行了调查评价。编制完成的《四川省雅安市雨城区地质灾害防灾避险搬迁安置工程规划报告》。 
四川省梓潼县地质灾害调查与区划报告,《四川省梓潼县地质灾害调查与区划》项目由四川省地质环境监测总、四川省国土勘测规划研究院承担并完成。目的任务：查明本区存在的地质灾害隐患，划分出地质灾害的危险区、易发区，建立地质灾害地理信息系统，建立健全群测群防、群专结合的监测网络体系及地质灾害预警系统，为有计划地开展地质灾害防治工作提供科学依据。梓潼县位于四川盆地北部。属绵阳市管辖。完成工作量：调查面积1442.32km2、调查32个乡镇水库20座，公路2条，滑坡44处，崩塌9处，不稳定斜坡25处，资料整理882份。主要成果：基本查明了县内已发地质灾害点和隐患点的分布情况、形成条件、影响因素和激发因素等，划分了地质灾害易发区，并对重要地质灾害点和隐患点进行了危险性初步评估与预测。在防治规划报告中对全县的地质灾害防治提出了科学的建议和近、中、远期规划。县内已发现各类地质灾害点和地质灾害隐患点78处，其中滑坡44处，占56.4%；崩塌9处，占11.5%；不稳定斜坡25处，占32.1%。通过对梓潼县地质灾害的发育分布规律的分析研究，根据各单元网格地质灾害易发程度对全区进行地质灾害易发程度分区，并结合实际调查的灾害分布及规模情况、行政区划、社会经济等对各区进行适当合理地调整，将全县划分为地质灾害高易发区、地质灾害中易发区、地质灾害低易发区3个区。
四川省喜德县地质灾害调查与区划报告,"<四川省喜德县地质灾害调查与区划>项目由四川省地矿局成都水文地质工程地质中心承担并完成.目的是查明喜德县地质灾害隐患,圈定地质灾害易发区和危险区,建立地质灾害信息系统,为喜德县地质环境监督管理提供环境地质科学依据。喜德县地处四川省西南,凉山彝族自治州的中北部.完成工作量:完成测绘面积2207km2,调查24个乡镇,170个行政村,调查地质灾害隐患点210处,填写调查卡片210张,编制防灾预案18份.主要成果: 1.完成全县境内的地质灾害调查,基本查明了地质灾害类型、规模、数量、分布、形成条件、诱发因素、稳定性、危害性。按行政区划统计了各乡镇地质灾害点的个数、类型、规模、体积等,为该县地质灾害防治工作提供了可靠的基础资料。2.对喜德县各类地质灾害分别进行了深入的分析研究,研究了滑坡、泥石流和不稳定斜坡的形体特征、形成条件、影响因素,分析评价了其稳定性,对县内地质灾害的发育规律进行了论述。3.对喜德县近5年发生的地质灾害灾情进行了统计,对全县210处地质灾害发育隐患点进行了灾情预评估。4.在综合分析影响地质灾害发育的地质环境条件和主要动力因素的基础上,编制了《四川省喜德县地质灾害分布及易发程度分区图》，对4个高易发区，7个中易发区和3个低易发区分别进行了阐述。5.对喜德县境内4处重大滑坡、泥石流灾害进行了危险性评价，分析了稳定性现状并进行了发展趋势预测。6.编制了《四川省喜德县地质灾害防治规划图》，确定出重点防治区、次重点防治区、一般防治区，对210处地质灾害进行了防治分级和防治分期建议,编制了喜德县18处地质灾害重大隐患防灾预案。7.建立了喜德县地质灾害空间数据库系统，并进行了数据录入。"
四川省凉山彝族自治州德昌县地质灾害调查与区划报告,《四川省凉山彝族自治州德昌县地质灾害调查与区划》报告由四川省地矿局成都水文地质工程地质中心完成。目的：查明德昌县地质灾害隐患的特征、分布和危害，圈定地质灾害易发区，建立健全群专结合、群测群防的防灾减灾和地质灾害预报预警系统，为地方政府制定防灾减灾预案提供科学依据。德昌县位于四川省西南部，县辖20乡3镇，141个村委会，1017个村民小组。完成工作量:地质灾害调查2284km2，调查地质灾害隐患点142处，其中滑坡95处，泥石流38处，不稳定斜坡9处。取得的主要成果：查明了区内地质灾害的分布及主要类型。阐述了地质灾害的规模，分布，形成条件，诱发因素；对危害较大的地质灾害的形态特征，形成条件，影响因素和发展趋势进行了深入分析。对地质灾害的经济损失进行了现状评估和预测评估。依据地质灾害发育现状，采用致灾因子和灾害现状叠加进行了地质灾害易发程度分区评价。依据地质灾害易发程度分区并结合经济建设发展情况，确定了重点防治区，次重点防治区，一般防治区。在此基础上提出了避让，监测预报和工程治理措施为主要工作内容的地质灾害防治规划，建立了全县地质灾害群测群防监测系统。
四川省宁南县地质灾害调查与区划报告,《四川省宁南县地质灾害调查与区划》报告由四川省地矿局成都水文地质工程地质中心完成。目的：查明宁南县地质灾害隐患，圈定地质灾害易发区和危险区，建立地质灾害信息系统，建立健全群专结合的监测网络，为有计划地开展地质灾害防治提供环境地质科学依据。宁南县位于四川省西南部，县辖6镇19乡，124个村，819个村民小组。完成工作量：地质灾害调查1678km2，调查地质灾害点108处，调查地质灾害点108处，其中滑坡91处，泥石流16处、崩塌1处。取得的主要成果：在收集和利用前人研究成果资料基础上，对宁南县地质灾害点进行了全面的调查，对宁南县的地质灾害的类型、发育、分布、危害等进行了评价。查明宁南县地质灾害类型以滑坡、泥石流和不稳定斜坡为主。根据地质灾害所处的地质环境条件和危险性进行了地质灾害易发程度分区，划分出3个高易发区，2个中易发区、2个低易发区。对地质灾害防治进行了区划，划分出重点防治区、次重点防治区和一般防治区。针对地质灾害隐患点不同的成因，提出采取监测预警、避让搬迁、城镇规划、生物及工程治理等措施进行综合治理。
攀枝花市（三区）地质灾害调查与区划报告,"《攀枝花市（三区）地质灾害调查与区划》项目由四川省地矿局成都水文地质工程地质中心承担。目的是查明攀枝花市（三区）地质灾害隐患；划出地质灾害易发区；建立地质灾害信息系统,为攀枝花市（三区）地质灾害防治提供科学依据。完成工作量:地质灾害调查2003.7km2,调查地质灾害点195处,其中滑坡134处,泥石流42处、崩塌点12个,地面塌陷5处,地面裂缝2条。取得的主要成果:基本查明了区内地质灾害类型主要为滑坡、泥石流灾害,阐述了地质灾害的规模、分布、形成条件、诱发因素。对危害大的滑坡、泥石流,研究了其形体特征、形成条件、影响因素,分析评价了其稳定性。对全市76处地质灾害隐患点进行了灾情预评估。在综合分析影响地质灾害发育的地质环境条件和主导因素的基础上,编制了《四川省攀枝花市地质灾害分布及易发图》，对2个高易发区,6个中易发区和2个低易发区分别进行了阐述。编制了《四川省攀枝花市地质灾害防治规划图》，确定出重点防治区、次重点防治区、一般防治区以及重点防治段。提出了地质灾害防治预案。"
四川省美姑县地质灾害调查与区划报告,"《四川省美姑县地质灾害调查与区划》项目由四川省地矿局成都水文地质工程地质中心承担并完成。目的是查明美姑的地质灾害隐患，划出地质灾害易发区,建立地质灾害信息系统,健全群专结合的监测网络,开展地质灾害调查与区划。研究区位于四川省西南部,凉山州东北部,是凉山彝族聚居的腹心地带。完成工作量: 调查测量面积2731.7km2,调查乡镇36个,行政村288个。填写调查卡片141个,其中有隐患的泥石流沟72条,滑坡、崩塌62处,不稳定斜坡7处。编制防灾预案12个.主要成果: 1.基本查明地质灾害类型主要为滑坡、泥石流灾害,对地质灾害的规模、分布、形成条件、诱发因素等进行现场数据采集。调查中重视对人类工程活动形成的工程滑坡和矿山泥石流的调查,并按行政区划统计了地质灾害点的个数、类型、规模、体积等,为美姑县地质灾害防治工作提供了可靠的基础资料。2.对美姑县主要地质灾害进行了深入的分析研究，对危害大的滑坡、泥石流，研究了其形体特征、形成条件、影响因素,分析评价了其稳定性,对全县地质灾害的发育规律进行了论述。3.对美姑县近5年发生的地质灾害灾情进行了统计,对全县141处地质灾害隐患点进行了灾情预评估。4.编制了《四川省美姑县地质灾害分布及易发图》,对3个高易发区、5个中易发区和3个低易发区分别进行了阐述。对美姑县目前存在隐患的滑坡、泥石流灾害进行了危险性评价,分析了稳定性现状并进行了发展趋势预测。编制了《四川省美姑县地质灾害防治规划图》，确定出重点防治区、次重点防治区、一般防治区以及重点防治段。编制了美姑县12处重大隐患地质灾害防灾预案。建立了美姑县地质灾害空间数据库系统,并进行了数据录入。"
四川省2015年绵阳市平武县地质灾害详细调查报告,四川省2015年地质灾害详细调查招标项目通过公开招投标方式确定四川省地质调查院为四川省绵阳市平武县地质灾害详细调查项目承担单位。收集整理、综合分析了与本次工作相关的基础地质、地质灾害、社会经济、规划等资料。开展遥感调查，制作了平武县最新的遥感影像图并开展了地质环境条件和地质灾害解译。基本查明了平武县地质灾害发育的地质环境条件，完成地质环境点747处。查明了平武县地质灾害隐患，完善了预案及两卡，核查355处已有地质灾害点逐一，最终拟核销19处地质灾害点，剩336处地质灾害点，新增70处地质灾害隐患点，目前平武县共发育406处地质灾害隐患点。完成了平武县城（龙安镇）地质灾害综合调查和龙安镇两岔河小流域地质灾害综合调查工作。对已实施的288处地质灾害治理工程进行了复核。对平武县地质灾害形成条件及影响因素做了深入分析，并对典型地质灾害点成灾机理做了研究。开展了平武县地质灾害易发程度分区评价、危险性评价。完成了平武县地质灾害防治区划，划分了重点防治区，提出了防治重点和重点防治的地质灾害点。更新、完善平武县地质环境管理信息系统。开展了地质灾害防灾知识培训和汛期值班工作。
四川省2015年甘孜州石渠县地质灾害详细调查报告(一二册),四川省2015年甘孜州石渠县地质灾害详细调查项目由四川省国土资源厅批准，四川省地政地籍事务中心进行招投标，通过必选确定我公司为承担单位。石渠县位于四川省西北角，地跨北纬32°19′～34°20′，东经97°20′～99°16′，幅员面积约25191km2，全县辖23个乡镇169个村，整个地势呈西北高东南低，平均海拔4200m，主要为侵蚀高原中山地貌，地层岩性以三叠系的板岩和砂岩为主。本次详查工作采用了资料收集、遥感解译（完成1：5万解译面积25191km2，1：1万77km2）、地面调查（完成地质环境点1577个）、钻探（540m）、物探（3560m）、井探（157.8m）、地形测量、室内测试等多种手段。完成了原有65处灾害点复核，120处新增灾害点调查；完成地质灾害治理工程有效性复核9处，地质灾害隐患点避险搬迁安置选址调查22处。开展了尼呷镇、洛须镇、阿日扎乡、温波乡和虾扎乡等5个重点场镇进行了地质灾害调查测绘工作；对嘎兴沟、亚曲河2条典型小流域进行了调查和分析地质灾害发育规律；对娘苦泥石流、百玛山滑坡、扎龙沟泥石流、贡来玛沟滑坡，觉悟寺滑坡、洞呷寺滑坡、独庆沟泥石流等7处典型灾害点进行了勘查。完成了1:5万地质灾害详细调查信息系统、进行了地质灾害易发性分区与危险性评价、地质灾害易发分区、避险搬迁规划和防治规划各1套。
四川省阿坝州黑水县地质灾害详细调查成果报告,四川省2016年阿坝州黑水县地质灾害详细调查项目由四川省国土资源厅批准，四川省地政地籍事务中心进行招投标，通过必选确定我公司为承担单位。黑水县位于四川省西北角，跨北纬30°53′50″～32°38′30″，东经102°36′15″～103°30′00″，幅员面积约4154km2，全县辖17个乡镇125个村，整个地势呈西北高东南低，县域海拔2350m，主要为构造侵蚀高山地貌、构造侵蚀高中山地貌以及侵蚀深切割河谷地貌，地层岩性以三叠系的砂岩、千枚岩和砂岩为主。  本次详查工作采用了资料收集、遥感解译（完成1：5万解译面积4154km2，1：1万80km2）、地面调查（完成地质环境点406个）、钻探（401m）、物探（1100m）、井探（105m）、地形测量、室内测试等多种手段。完成了原有306处灾害点复核，9处新增灾害点调查；完成地质灾害治理工程有效性复核117处，地质灾害隐患点避险搬迁安置选址调查7处。开展了芦花镇、木苏乡、晴朗乡等8个重点场镇进行了地质灾害调查测绘工作；对龙坝沟、德石窝沟2条典型小流域进行了调查和分析地质灾害发育规律；对色尔古镇五里村五里干河坝泥石流、色尔古镇色尔古村转运站崩塌和木苏乡罗窝村俄窝组滑坡3处典型灾害点进行了勘查。完成了1:5万地质灾害详细调查信息系统、进行了地质灾害易发性分区与危险性评价、地质灾害易发分区、避险搬迁规划和防治规划各1套。
四川省地质遗迹调查与区划及示范研究项目四川省地质遗迹资源与保护规划建议报告,"《四川省地质遗迹调查与区划及示范研究》项目，对全省的基础地质、矿产地质、水文地质、旅游地质、灾害地质等综合性资料进行了收集于分析总结，历经3年艰辛，查明了四川省地质遗迹资源情况，圆满完成各项工作任务，为四川省地质遗迹保护、开发奠定了基础。  根据四川省地质遗迹的空间分布特征和区划原则，首次将四川省地质遗迹划分为四川省地质遗迹划分为四川盆地地质遗迹大区、盆周山地地质遗迹大区、凉山山原地质遗迹大区和川西高山高原地质遗迹大区4个地质遗迹大区，以及川西平原地质遗迹分区、川中低山丘陵地质遗迹分区、川东平行岭谷地质遗迹分区、泸州低山丘陵地质遗迹分区；大巴山中山地质遗迹分区、米仓山中山地质遗迹分区、龙门山中低山地质遗迹分区、峨眉山—老君山构造中山地质遗迹分区、川南中低山地质遗迹分区；盐源盆地地质遗迹分区、雅砻江下游峡谷地质遗迹分区、安宁河宽谷平原地质遗迹分区、大渡河中下游峡谷地质遗迹分区、小相岭—螺髻山中高山地质遗迹分区、攀枝花低山地质遗迹分区、昭觉山原地质遗迹分区、金沙江下游峡谷地质遗迹分区；川西北高原地质遗迹分区、横断山高山峡谷地质遗迹分区、邛崃山—大雪山极高山地质遗迹分区等20个地质遗迹分区，26个遗迹小区。建立了四川省地质遗迹区划系统，揭示了四川省地质遗迹分布的基本特点,四川省地质遗迹的空间分布规律。  本次工作，对基础地质大类地质遗迹进行了梳理、鉴评和补充调查，共鉴评出重要地层剖面遗迹103处，其中层型（典型）剖面102处、全球界线层型剖面（候选金钉子）1处。重要侵入岩剖面遗迹11处，其中杂岩剖面4处、超基性岩剖面2处、中酸性岩剖面5处；重要变质岩剖面遗迹2处；重要的火山岩剖面遗迹1处。不整合面剖面4处，其中3处为地层与杂岩接触面，1处为新老地层之间的接触面；褶皱与变形剖面4处。重要化石产地27处，重要的岩矿石产地22处。还调查、鉴评出地质灾害大类重要地质遗迹28处，包括汶川地震遗迹6处及其次生地质灾害18处，古地震遗迹3处其它地质灾害1处。从地质遗迹的角度来调查、研究、鉴评这些基础地质现象，在四川乃至全国都是首次开展。"
四川省沐川县1/5万地质灾害详细调查报告,为了认证贯彻落实中央和省委、省政府领导的重要批示精神，进一步切实做好地震灾后重建省级规划的地质灾害防治工作，根据我省地质灾害综合防治体系建设总体方案和国土资源部《滑坡崩塌泥石流灾害调查规范（1:50000）》（DZ/T0261～2014）、《滑坡崩塌泥石流灾害调查规范（1:50000）四川省实施细则（试行）》等相关技术规范，2015年，我省拟继续开展“三州”地区、川南和川北盆周山区彭州、古蔺、九寨沟、石渠、金岩、沐川等35县的地质地质灾害详查的建设工作。根据四川省地政地籍事务中心委托中招康泰项目管理有限公司发出的《四川省2015年地质灾害详细调查招标项目招标文件》，我方参加四川省2015年乐山市沐川县地质灾害详细调查（14标段）的投标工作。本次通过1:5万全县域专项测绘、1:1万重点场镇专项测绘、1:1万小流域专项测绘、钻探、测量、遥感、物探、取样等工作手段，完成沐川县地质灾害详细调查工作，境内现发育有地质灾害隐患点146处，其中滑坡131处、崩塌13处，泥石流沟1条，潜在不稳定斜坡1处。现146处地质灾害隐患点尚威胁着财产43743万元，威胁和影响人数达19749人。沐川县共分为危险性高（I）、危险性中（III）、危险性低（III）三个大区。全县地质灾害隐患点集中安置点共2处。综合影响选址的主要因素及次要因素，采用综合模糊评判的方法对各安置点综合评价；解决了248户1095人的灾民安置问题。建立了沐川县县地质灾害数据库，较全面地反映了滑坡、崩塌、泥石流、不稳定斜坡等4大灾种的主要特征指标。建立了不同灾害的特点形成表与表之间的关系。
四川省凉山州宁南县地质灾害详细调查成果报告,一、项目来源  2016年，我省决定开展41县（市）地质灾害详细调查工作，建设资金100%来自中央财政投资，由四川省地政地籍事务中心对本调查项目进行公开招标。四川省冶金地质勘查局水文队通过竞标，承担了第39标段四川省2016年凉山州宁南县地质灾害详细调查工作。  二、实物工作量  完成了1:50000地质灾害遥感地质解译面积1667平方公里，1:10000地质灾害遥感地质解译面积112.76平方公里。  对工作区开展了地质调查测绘，完成1:50000正测面积250.05平方公里、简测816.85平方公里、草测600.1平方公里，1:10000正测112.76平方公里。  共调查地质环境点424处，地质灾害点394处，治理工程点复核17处，典型点勘查4处。  向当地群众开展了地质灾害防治培训工作，集中培训3场次，分散培训394场次，共培训村乡镇村干部、学校师生及监测人员665人。  建立了宁南县1:50000地质灾害详查信息系统及四川省地质灾害易发区群众防灾避险搬迁安置工程调查与区划空间信息系统。  三、取得成果  1、全面查明了区内地质灾害，了解了其地质环境条件、空间分布、变形特征、诱发（影响）因素、发育史、危害对象等，对其稳定性和危险性、危险区划定有了充分认识，用以指导基层防灾。  2、根据地质灾害隐患点易发性和危害性，有针对性提出了群测群防、搬迁避让安置、工程治理、典型小流域和重点场镇综合整治、排危除险等防治措施建议。  3、按照相关技术要求，结合已建立的地质灾害空间信息系统内容，根据本次工作成果，完成了地质灾害数据库更新工作，建立起了地质灾害空间信息系统动态更新机制，大力提高了地质灾害防治工作管理实效。
四川省邛崃市地质灾害调查与区划成果报告,《四川省邛崃市地质灾害调查与区划》报告由四川省地质环境监测总站完成。目的：查明本市存在的地质灾害和地质灾害隐患，划分地质灾害易发区、危险点，建立地质灾害地理信息系统，为有计划地开展地质灾害防治工作提供科学依据。邛崃市位于四川成都市西南部，辖18镇、15乡、485个村、21个居委会。完成工作量：地质灾害调查1377.38km^[2]、调查主干线13条、调查路线1852㎞、地质灾害点及隐患点70处。取得的主要成果：在调查工作基础上，综合分析了邛崃市地质灾害分布发育特征，对区内滑坡、不稳定斜坡等地质灾害的发育特征、形成条件、影响因素及分布规律进行了科学合理的分析。对其危险性进行了预测评价。对全市按地质灾害易发程度进行了分区。划分出高易发区、中易发区、低易发区和不易发区。对区内地质灾害进行了现状评估和预测评估，在分析了区内地质灾害发育特征基础上，结合区内人类工程特点，划定了地质灾害重点防治区、次重点防治区、一般防治区，提出了近、中、远期防治规划，真实地反映了区内地质灾害防治工作的轻重缓急，以利于区内经济建设的全面发展。
四川省泸州市纳溪区地质灾害调查与区划成果报告,《四川省泸州市纳溪区地质灾害调查与区划》报告由四川省地质环境监测总站完成。目的：系统开展纳溪区地质灾害调查与区划工作，查明地质灾害隐患点，划分出地质灾害易发区，为纳溪区制定地质灾害防治规划和预警方案提供科学依据。纳溪区位于四川盆地南缘的泸州市南部，辖12个镇，1个办事处和238个行政村。完成工作量：地质灾害调查1150.60km^[2]，调查地质灾害点61处，其中滑坡46处，潜在不稳定斜坡15处。取得的主要成果：在分析区内地质、水文地质、工程地质、环境地质、国民经济、社会发展以及气象、水文等资料基础上，系统阐述了区内的自然地理和地质环境条件。对区内的地质灾害的发育分布规律、形成条件及影响因素进行了分析。对区内重要地质灾害点进行了危险性初步分析与预测。在充分研究本区地质灾害的发育分布规律的基础上，结合本区的人类工程活动特点，采用定性与综合评价的半定量方法，进行了地质灾害易发分区和地质灾害防治区的划分。在防治分区的基础上，提出地质灾害防治分期计划建议，为本区的地质灾害防治管理提供了依据。
四川省2015年凉山州美姑县地质灾害详细调查成果报告,"四川省国土资源厅通过公开招投标方式确定了确定四川省地质调查院为四川省美姑县地质灾害详细调查项目承担单位。  美姑县位于四川省西南部，凉山州东北部, 地理坐标:东经102°53′～103°21′，北纬28°02′～28°54′，面积2573km2,本次工作采用遥感解译、地面调查、钻探、物探、探井、地形测量、室内测试等手段，完成1:1万重点调查区面积40km2、1:5万重点调查区面积490.5km2、1:5万一般调查区面积1246.17km2、1:5万概查区面积836.33km2、1:1万遥感解译面积40km2、1:5万遥感解译面积2573km2、调查地质环境点715处， 1:2000地形图测量0.86km2、1:2000工程地质测绘1.76km2、工程地质剖面测绘30.87km、物探50点、浅井102m、钻探511m、岩土水测试38件，查明了区内地质环境条件及地质灾害发育情况，目前，全域共有地质灾害隐患点208处，其中滑坡137处、崩塌5处、泥石流66处，共威胁区内2784户12065人。同事，对美姑县巴普镇重点场镇和洛高依达小流域进行了综合调查，对33处重大地质灾害点开展了工作，并重点对马拖沟泥石流等4处灾害点进行了勘查，对美姑县已实施的9处地质灾害治理和应急排危工程进行了复核并开展了美姑县地质灾害易发程度分区评价、危险性评价及地质灾害防治区划工作。  项目成果通过了专家评审，评分85.8分。"
四川省邻水县地质灾害调查与区划成果报告,《四川省邻水县地质灾害调查与区划》报告由四川省地质环境监测总站完成。任务：对全县地质灾害进行调查研究，查明地质灾害的分布状况、发育规律，划定地质灾害易发区和防治规划区，为有序的地质灾害防治管理提供科学依据。邻水县隶属四川省广安市，县辖45乡（镇），525个村（居委会），4586个村民小组。完成工作量：地质灾害调查1919.22km^[2]，调查各类隐患点119处，其中滑坡54处，崩塌1处，地裂缝3处，地下水漏失21处，水土流失1处，不稳定斜坡39处。取得的主要成果：在分析区内地质、水文地质、工程地质、环境地质、国民经济、社会发展以及气象、水文等资料基础上，阐述了区内的自然地理和地质环境条件。对区内地质灾害的发育分布规律、形成条件及影响因素进行了分析。并对区内重要的地质灾害点进行了危险性初步分析与预测。选择地形地貌、地层岩性、结构构造、气象水文、新构造运动及人类工程活动等致灾因子，采用模糊数学评价法，对全县进行了地质灾害易发程度分区评价，划分出地质灾害高易发区、中易发区、低易发区。结合区内人类工程活动特点，划定了地质灾害重点防治区、次重点防治区及一般防治区。提出了近、中、远期防治规划建议，为本区的地质灾害防治管理提供了可靠的依据。
四川省达州市万源市地质灾害（补充）调查与区划报告,《四川省达州市万源市地质灾害调查与区划》报告由四川省地矿局成都水文地质工程地质中心完成。目的是核实万源市地质灾害易发分区、重点防治区和防治重点，完善群专结合的监测网络，为地方政府制定地质灾害防治规划提供科学依据。万源市位于四川达州市北部，市辖52个乡镇，373个行政村，2480个社。完成工作量：地质灾害调查4065km2，调查地质灾害点68处，其中滑坡58处，崩塌7处，地面塌陷1处，不稳定斜坡2处。取得的主要成果：查明万源市地质灾害以滑坡和崩塌为主，也有泥石流和地面塌陷等地质灾害发育。 根据补充调査结果，对万源市地质灾害易发区进行了重新划分，全市划分地质灾害高易发区5个，中易发区3个，低易发区3个。对万源市地质灾害基本特征、危险性分乡镇统计、按灾种进行灾情和险情评估、地质灾害防治工作现状的系统阐述，为地质灾害防治分区和重点防治区和防治重点和避险搬迁、治理工程建议、群测群防点的确定提供了坚实的基础。
“4.20”芦山强烈地震灾区乐山市金口河区1/5万地质灾害详细调查报告,“4.20”芦山强烈地震灾区乐山市金口河区地质灾害详细调查是四川省地政地籍事务中心于2014年8月公开招标，由四川省财政出资的1:5万地质灾害详查项目，项目进一步查明受灾县市地质灾害情况，我省启动了“4.20”芦山强烈地震灾区地质灾害详查工作，乐山市金口河区被纳入本次地质灾害详细调查。金口河区位于四川省的西南部，隶属于大渡河流域，地理坐标：东经102°50′24″～103°10′24″，北纬29°00′24″～29°00′46″之间；南北长42 km，东西宽约20 km，幅员面积598 km2。金口河区地处乐山市、雅安市、眉山市、凉山彝族自治州交界处，为四川盆地西缘向青藏高原地势过渡的中高山峡谷地带，总体地势呈西南高，东北低的趋势。受区域构造控制及河流（主要为大渡河、顺水河等）切割影响，总体地势构成南西高北东低、东西高中间低，山岭河谷平行于构造线分布，呈南北向延伸的格局，山体为垣状的褶皱断块山。本次详查的主要工作量为：1、1：5万地质灾害遥感解译调查598km2；2、1：1万地质灾害遥感解译调查55.7km2；3、1：5万地质灾害测绘（正测）55.7km2；4、1：5万地质灾害测量（草测）543.7km2；5、1：1万地质灾害测量55.7km2；6、1：2000地质剖面测量2.0km；7、工程地质钻探221.2m；通过本次调查，1、金口河区境内现发育有地质灾害隐患点97处，其中崩塌31处，滑坡40处，泥石流沟12条，潜在不稳定斜坡14处，类型以崩塌和滑坡为主，其次为不稳定斜坡和泥石流。规模以中小型为主，大型灾害较少；2、基本查明了区内地质灾害的特征、分布规律和影响因素；3、进行了地质灾害易发性和危险性区划；4、对岸坡进行稳定性评价；5、进行了地质灾害防治分区评价；6、完善了金口河区地质灾害防灾预案和群测群防体系；7、建立了地质灾害信息系统等。成果资料于2014年12月19日通过四川省国土资源厅组织的审查，评分78.7分，质量等级良好。合同编号为：F-DZ-230(2014)。
四川省2016年地质灾害详细调查项目凉山州德昌县地质灾害详细调查报告,德昌县位于四川省西南部，安宁河流域中下游，德昌县域东以螺髻山界分普格县；南邻会理、米易县；西隔雅砻江与盐源县相望；北连德昌县；东南隅与宁南县接壤。地理坐标：东经101°54′～102°29′、北纬27°05′～27°36′。县域东西最宽55.52km，南北最长56.94km，幅员面积2284km2。江西省勘察设计研究院于2016年5月16日通过公开招投标方式中标四川省2016年地质灾害详细调查项目（凉山州德昌县）项目。随后四川国土资源厅以《四川省国士资源厅办公室关于下达2016 年度自贡市富县等37 个县(市)地质灾害详查工作任务的通知》（川国土资办发[2016]27号文）正式委托江西省勘察设计研究院开展四川省凉山州德昌县2016年地质灾害详细调查工作。本次详查野外工作于2016年7月20日正式开展，于2016年10月16日结束全部野外工作。项目原始资料于2016年10月28日通过四川省地质环境监测总站组织的野外检查验收。2017年2月16日-17日四川省地质环境总站组织相关专家对项目数据库进行了审查；2017年3月1日、3月7日通过四川省国土资源厅组织的成果报告审查及修改复核审查。本次详查完成的主要实物工作量为：1︰5万详细调查2284km2（其中1︰5万重点调查区342.6km2、1︰5万一般调查区1027.8km2、1︰5万概查区913.6km2，1︰1万重点调查82.47km2，1︰1000勘查区1.68km2； 1︰1万地质剖面测量2.75km，1︰2千地质剖面测量26.382km，1︰500地质剖面测量6.52km；1︰5万遥感地质解译2284km2，1︰1万遥感地质解译82.47km2；1︰1千地形测量1.994km2；高密度电阻率测量270点/1.35km；地质灾害点调查361处（其中滑坡232处、泥石流108处、不稳定斜坡21处），地质环境点调查134处，遥感解译点验证调查177处，场镇调查21处（其中重点场镇调查11处），典型小流域勘查48.3km2/1处，重点场镇勘查34.17km2/11处；工程钻探424.9m/19孔，浅井102.1m/45井，岩、土、水样采集及测试38件。以上实物工作量完成率均达设计工作量100%及以上，工作量完成情况符合规范及项目设计书的要求，满足成果报告的编制需要。据统计，德昌县累计确认灾害点361处，目前发育305处地质灾害点，其中按地质灾害类型划分：滑坡灾点193处，占全县灾点总数的63.2%；泥石流灾点92处，占全县灾点总数的30.2%；潜在不稳定斜坡20处，占全县灾点总数的6.6%。按地质灾害规模划分：大型地质灾害仅2处（均为滑坡），中型地质灾害71处（滑坡48处、泥石流14处、不稳定斜坡9处）；小型地质灾害232处（滑坡143处、泥石流78处、不稳定斜坡11处）；全县地质灾害规模以小型为主，中型次之，中小型地质灾害共计303处，占全县地质灾害总数的绝大部分。在305处地质灾害中，累计有159处地质灾害曾发生过不同程度的灾情，共计造成65人死亡，直接经济损失达3996万元。目前，全县地质灾害仍对4处学校、2处场镇、208处聚居区、93处分散农户造成
四川省遂宁市蓬溪县地质灾害补充调查与区划报告,四川省遂宁市蓬溪县地质灾害补充调查与区划报告由四川省地矿局广汉地质工程勘察院提交。工作目的是进一步核实蓬溪县地质灾害易发分区、重点防治区和防治重点，为地方政府进行地质环境监督管理等提供科学依据。蓬溪县位于四川盆地中部偏东，遂宁市北东部，涪江中游。完成的工作量：本次野外调查共完成全县32个乡镇，495个行政村，1251平方公里地质灾害的补充调查，核查原调查区划工作已知地质灾害隐患点110处，其中有7处灾害点已经全部搬迁、7处灾害点已经全部治理，有野外核查过中解除了上述14处灾害点；并补充调查新增地质灾害隐患点34处。取得的成果：全县目前共计分布有灾害点130处，其中滑坡68处，崩塌(危岩)56处，不稳定斜坡6处；补充完善了全县地质灾害群测群防网络，建立群测群防网点122处，编制新增地质灾害危险点防御预案34份；对区内危害严重，危险性较大的地质灾害隐患点进行了较为详细的调查，提出了防治方案建议；对全县25处地质灾害隐患点进行了避险搬迁调查区划，调查避险搬迁安置户123户，选出适宜或基本适宜的搬迁安置选址点19处。 
四川省乐山市马边彝族自治县地质灾害调查与区划报告,《四川省乐山市马边彝族自治县地质灾害调查与区划》报告由四川省地矿局成都水文地质工程地质中心完成。目的：查明马边彝族自治县地质灾害隐患点发育分布情况，划分地质灾害易发程度分区，确定重点防治区和防治重点，协助马边县政府制定地质灾害防治规划。马边彝族自治县位于四川南部，县辖20个乡镇、203个行政村。完成工作量：地质灾害调查2383.24km2，调查地质灾害点110处，其中滑坡91处，崩塌12处，泥石流5处不稳定斜坡2处。取得的主要成果：查明了全县地质灾害分布现状及主要地质灾害类型。对地质灾害点的规模、分布、形成条件、诱发因素等进行了分析评价。阐述了地质环境条件和地质灾害的时空发育分布规律，对5处重要地质灾害隐患点进行了初步评估与预测。在综合分析影响地质灾害发育的地质环境条件和主控因素的基础上，对马边县地质灾害易发程度进行了分区评价。在易发分区基础上，确定出重点防治区和一般防治区。提出了较合理的地质灾害防治建议和防治规划。建立了马边县地质灾害空间数据库系统。
四川省2016年凉山州会理县地质灾害详细调查成果报告一二三册,为了认真贯彻落实中央和省委、省政府领导重要批示精神，进一步切实做好地震灾后恢复重建省级规划的地质灾害防治工作，根据我省地质灾害综合防治体系建设总体方案和国土资源部《滑坡崩塌泥石流灾害调查规范（1：50000）》（DZ/T0261—2014）、《滑坡崩塌泥石流灾害调查规范（1：50000）四川省实施细则（试行）》等相关技术规范，2016年，我省决定开展包括川西高原区、秦巴山区、攀西地区及一般地区壤塘县、会东县、九龙县、邻水县、通江县等41县（市）全县域的1∶50000地质灾害详细调查工作。根据四川省2016年地质灾害详细调查项目招标和投标结果，我单位中得了四川省2016年凉山州会理县地质灾害详细调查项目。  会理县隶属于四川省凉山彝族自治州，位于四川省凉山彝族自治州最南端，攀西战略资源创新开发示范区腹心地带，地理坐标为:东经101°52′～102°38′，北纬26°5′～27°12′，县城距州府所在地西昌市180公里。东部和北部分别与会东、宁南、德昌县相邻;西与攀枝花市仁和区及盐边县、米易县接壤；南与楚雄州元谋县、武定县，昆明市禄劝县隔金沙江相望，辖区面积4527平方公里。现辖6个区47个乡镇、302个村。  本次工作采用资料收集、遥感解译、地面调查、钻探、物探、探井（槽）、地形测量、室内测试等多种手段，完成调查区面积4527km2，其中1:1万重点调查区面积88km2、1:5万重点调查区面积505.55km2、1:5万一般调查区面积1390.25km2、1:5万概查区面积2631.2km2、调查地质环境点596处。完成1:1万遥感解译面积88km2、1:5万遥感解译面积4527km2、解译地质灾害点125处、地质环境点55处。完成原有地质灾害隐患点复核221处，新增地质灾害隐患点调查14处；完成1:2000地形图测量1.6km2、1:2000工程地质测绘1.6km2、工程地质剖面测绘54.187km、物探1.03km/4条、浅井100.5m、钻探514.4m/37孔、岩土测试29组、水质分析9组；完成了1:1万地质灾害调查（测绘）88km2；完成重大地质灾害治理工程有效性调查评价7处；地质灾害隐患点搬迁安置调查28处，搬迁选址调查3处；建立或完善防灾预案235份、防灾明白卡235份、避险明白卡3570份；完成1:5万地质灾害详细调查信息系统、四川省地质灾害易发区群众防灾避险搬迁安置工程调查与区划空间信息系统各1套。   通过本次工作达到了有效服务基层防灾减灾工作，减轻地质灾害造成的人员伤亡及财产损失，推进社会经济可持续发展的目的。
四川省康定县地质灾害调查与区划成果报告,《四川省康定县地质灾害调查与区划》报告由四川省地质环境监测总站完成。目的：查明本县存在的地质灾害隐患，划分出地质灾害易发区，建立地质灾害信息系统，协助当地政府编制地质灾害防治规划。康定县位于甘孜州东部，辖三镇十九乡235个行政村。完成工作量：地质灾害调查11422.75km^[2]，调查地质灾害点107处，其中滑坡41个、泥石流42处、不稳定斜坡24处。取得的主要成果：在分析区内地质、水文地质、工程地质、环境地质、国民经济、社会发展以及气象、水文等资料的基础上，系统地阐述了区内的自然地理和地质环境条件。对区内的地质灾害的发育分布规律、形成条件及影响因素进行了科学合理的分析。对区内地质灾害造成的经济损失和潜在经济损失进行了统计分析。并对区重要的地质灾害点进行了危险性初步分析与预测。结合区内人类工程活动特点，对全县进行了地质灾害易发分区和地质灾害防治区的划分，提出了地质灾害防治建议，为本区的地质灾害防治管理提供了依据。
四川省石棉县地质灾害调查与区划成果报告,《四川省石棉县地质灾害调查与区划》报告由四川省地质环境监测总站完成。目的：通过对全县地质灾害调查研究，尤其对集镇，重要经济、工程区和居民点的重点调查：查明本区存在的地质灾害隐患，划分出地质灾害危险区、易发区，建立地质灾害信息系统。为有计划地开展地质灾害防治提供科学依据。石棉县位于雅安地区西南部，辖1镇16乡，96村，528社，3居委会。完成工作量：地质灾害调查2678.2km^[2]，调查各类地质灾害点178个。取得的主要成果：在分析区内地质、水文地质、工程地质、环境地质、国民经济、社会发展以及气象、水文等资料基础上，阐述了区内自然地理和地质环境条件。对区内地质灾害的发育分布规律、形成条件及影响因素进行了分析。并对区内重要的地质灾害点进行了危险性初步分析与预测。结合区内人类工程活动特点，采用定性与综合评价方法，对全县进行了地质灾害易发区、地质灾害防治区的划分，为本区的地质灾害防治管理提供了依据。提出了地质灾害防治的近、中、远期防治规划建议。
四川省木里县地质灾害（补充）调查与区划报告,《四川省木里县地质灾害调查与区划》报告由四川省地矿局成都水文地质工程地质中心完成。目的是查明木里县地质灾害隐患，划分地质灾害易发程度分区，建立群专结合的监测网络，为地方政府制定地质灾害防治规划提供科学依据。木里县位于凉山彝族自治州西北部，县辖29个乡镇、112个行政村。完成工作量：遥感解译13253km2，确定地质灾害隐患点99个，其中：滑坡69个，泥石流22个，不稳定公路边坡8个。取得的主要成果：查明区内地质灾害类型主要为滑坡、泥石流和不稳定斜坡。详细阐述了区内地质灾害的规模、分布、形成条件、诱发因素。对地质环境条件和地质灾害的时空发育规律进行了论述，对地质灾害隐患点的危险性进行了评价与预测。依据致灾因子和灾害现状，对木里县地质灾害易发程度进行了分区评价。依据地质灾害易发程度分区和危害程度分区并结合经济建设发展情况，划分了重点防治区、次重点防治区和一般防治区。提出了地质灾害防治建议和近、中、远期规划。 
四川省高县地质灾害调查与区划成果报告,《四川省高县地质灾害调查与区划》报告由四川省地质环境监测总站完成。目的：查明高县的地质灾害隐患，划出地质灾害危险区、易发区，为该区有计划地开展地质灾害防治提供科学依据。高县位于宜宾市西南部，辖12镇12乡285个行政村。完成工作量：地质灾害调查为1320.27km^[2]，调查地质灾害点126处，其中滑坡103处、崩塌12处、地面塌陷7处、不稳定斜坡2处、地裂缝1处、泥石流1处。取得的主要成果：在详细分析区内地质、水文地质、工程地质、环境地质、国民经济、社会发展以及气象、水文等资料基础上，系统阐述了区内的自然地理和地质环境条件。对区内的地质灾害的发育分布规律、形成条件及影响因素进行了综合分析。对区内重要地质灾害点进行了危险性分析与预测。在分析研究区内地质灾害的发育分布规律基础上，结合调查区的人类工程活动特点，采用定性与综合评价的半定量方法，进行了地质灾害易发分区和地质灾害防治区的划分。为本区的地质灾害防治管理提供了依据。
岷江流域茂县地质灾害详细调查报告,《岷江流域茂县地质灾害详细调查报告》由四川省地矿局九〇九水文地质工程地质队完成。目的：查明区内地质灾害发育特征、分布规律以及形成的地质环境条件，并对其危害程度进行评价，划分地质灾害易发区和危险区，建立健全群测群防网络，建立地质灾害信息系统。该区行政区划属四川省茂县管辖。完成工作量：1:2000工程测量2.84平方千米，1:5万遥感解译调查3959平方千米，地质灾害点调查496处，工程钻探402.5米，水质分析2组等。取得成果：基本查明了区内环境地质条件。通过遥感解译及实地调查、验证，并通过对区内地质灾害的调查，基本查明了区内地质灾害的发育类型及分布特征。重点调查研究了岷江流域茂县地质灾害的发育分布规律，基本查明了区内地质灾害的发育特征与形成机理。对区内的岷江干流及土门河岸坡的稳定性进行了评价，对区内地质灾害在震前、地震诱发、震后（降雨）的易发分区进行了评价；进行了地质灾害的危险分区评价，提出了地质灾害的防治对策。
四川省阿坝州茂县地质灾害详细调查成果报告,茂县隶属于四川省阿坝藏族羌族自治州，位于四川省阿坝藏族羌族自治州东南部，地理坐标为: 坐标东经102°56′26″-104°10′32″，北纬31°25′06″-32°15′43″之间。现辖21个乡镇、152个村。县域内属茂县位于青藏高原东南边缘，龙门山分区地层和马尔康分区地层。受降雨、地震及切坡等不合理人类工程活动的影响，境内崩塌、滑坡、泥石流等地质灾害发育，地质灾害对人民生命财产安全造成了较大的威胁和危害，并在一定程度上制约了县域社会经济发展。  本次工作采用资料收集、遥感解译、地面调查、钻探、物探、探井（槽）、地形测量、室内测试等多种手段，完成调查区面积3903.28平方公里，调查地质灾害点960处、地质环境点545处，完成解译地质灾害点144处、地质环境点49处。本次工作完成完成1/2千地形图测量0.7平方公里、1/2千工程地质测绘0.7平方公里、工程地质剖面测绘11.8公里、物探2.05公里/6条、槽井102米、钻探505米/21孔、岩土测试40组、水质分析2组。地质灾害隐患点搬迁安置调查38处，搬迁选址调查4处；本次工作对茂县凤仪镇、南新镇、土门乡、太平乡、石大关乡、洼底乡共计6处重点场镇进行了综合调查。建立或完善防灾预案960份、防灾明白卡960份、避险明白卡7192份；完成1/5万地质灾害详细调查信息系统、四川省地质灾害易发区群众防灾避险搬迁安置工程调查与区划空间信息系统各1套；完成详查报告正文1份、附件72份、附表3份、附图210张。  按照任务书和相关要求完成了相应工作量(见附表四川省2016年阿坝州茂县地质灾害详细调查工作量完成情况统计表)。
四川省会东县县地质灾害调查与区划报告,《四川省会东县地质灾害调查与区划》报告由四川省地质环境监测总站完成。目的：查明会东县地质灾害隐患，圈定地质灾害易发区和危险区，建立地质灾害信息系统，建立健全群专结合的监测网络，为有计划地开展地质灾害防治提供科学依据。会东县位于凉山彝族自治州南部，县辖9区1镇，53个乡，324个村。完成工作量：地质灾害调查3227.55km2，调查各类地质灾害点131处，其中滑坡96处，泥石流33处、崩塌1处、塌陷1处。取得的主要成果：査明了会东县地质灾害的分布及主要类型。阐述了地质灾害的规模、分布、形成条件、诱发因素。分析评价了各类地质灾害的稳定性、危险性和危害性。在综合分析影响地质灾害发育的地质环境条件和主导因素的基础上，将会东县划分为地质灾害高易发区、屮易发区和低易发区，并进行了分区评价。依据地质灾害易发程度分区和危害程度分析并结合经济建设发展情况，将会东县划分为重点防治区、次重点防治区和一般防治区。在此基础上编制了采取避让搬迁、监测预报和工程治理措施为主要工作内容的地质灾害防治规划建议。
“4.20”芦山强烈地震灾区雅安市芦山县1/5万地质灾害详细调查报告,芦山县，隶属于雅安市，位于四川盆地西缘，雅安市东北部，青衣江上游，是5·12汶川地震，4·20芦山地震重灾县。该项目由四川省蜀通岩土工程公司通过参加四川省地政地籍事务中心公开招标而中标，该项目编号F-DZ-217(2014)。           完成主要工作内容及目标：以遥感、地面调查、钻探、槽探、测绘和野外调查为主要手段，开展“4.20”芦山强烈地震灾区雅安市芦山县地质灾害详查，基本查明区内地质灾害分布，形成的地质环境条件和发育特征，并对其危害程度进行评价，圈定地质灾害易发区和危险区，建立健全群专结合的监测网络，为制定防灾规划和减灾提供技术支撑，为开展“4.20”芦山强烈地震灾区灾后重建提供科学依据。         工作起止时间2014年8月——2014年12月。报告在充分搜集芦山县“5.12”、“4.20”地震灾后地质灾害排查、基础地质、水工环地质和城镇发展规划等资料的基础上，现场展开了地质灾害排查（复核）、地质环境调查、遥感解译、物探、钻探、工程测量、工程测绘等一系列工作方法，有针对性地开展了芦山县地质灾害详细调查工作，全面完成了设计工作量，取得了丰富的第一手资料，报告编制的依据充分。
四川省宜宾市翠屏区地质灾害调查与区划报告,四川省国土资源厅以(川国土资函[2006] 1324号文)《关于下达四川省2006年区（市）地质灾害（补充）调查与区划项目任务的通知》将任务下达至各承担单位，由四川省地矿局成都水文地质工程地质中心承担翠屏区地质灾害调查与区划项目。    根据调查：    1、翠屏区地质灾害包括滑坡和崩塌，地质灾害的分布与地质环境条件关系密切，地形地貌、地层岩性、地质构造、工程地质条件、降雨、人居分布及人类工程活动等因素对地质灾害的分布发育和影响控制作用明显。    2、所调查69处地质灾害共造成1人死亡，造成直接经济损失307.5万元，地质灾害威胁人数为497户2165人，威胁资产达8197万元，地质灾害灾情和险情较为严重。    3、全区划分地质灾害高易发区2个，面积255.74km2， 害重点防治区（Ⅰ），面积400.36km2，次重点防治区（Ⅱ），面积516.2km2，一般防治区（Ⅲ），面积214.47km2。    4、确定地质灾害防治点69处，落实了各地质灾害隐患点防治措施建议，建立了地质灾害隐患点群测群防网络。建议将其中2处灾害隐患点以工程治理为主，7处进行简易工程治理结合监测，33处纳入避险搬迁规划。    5、进行了搬迁安置户调查， 193户需搬迁安置户中同意搬迁的185户，不同意搬迁的8户；对搬迁安置户搬迁紧迫程度进行了评价，属紧迫级的63户，属较紧迫级的106户，属一般的16户。    6、调查选出适宜或基本适宜的搬迁新址38处，就近安置175户地质灾害危险区内农户；采用自主安置的农户10户。    7、制定了搬迁分期规划，第一批规划于2008年年底前完成对紧迫级的63户住户的搬迁，二期规划于2010年汛期前完成对较紧迫级的106户住户的搬迁，三期规划于2010年年底前完成对一般级的16户住户的搬迁。
四川省崇州市地质灾害调查与区划报告,《四川省崇州市地质灾害调查与区划》项目由四川省地质环境监测总站承担。目的：查明崇州市的地质灾害隐患，划出地质灾害危险区、易发区，建立地质灾害信息系统，健全群专结合的监测网络，为该区有计划地开展地质灾害防治提供科学依据。完成工作量：地质灾害调查1090km^[2]，查明地质灾害116处、其中滑坡58处、崩塌37处、不稳定斜坡20处、泥石流1处。取得的主要成果：在充分收集、分析区内地质、水文地质、工程地质、环境地质、国民经济、社会发展以及气象、水文等资料基础上，系统阐述了区内的自然地理和地质环境条件。在查明区内地质灾害的发育分布规律基础上，选择地形地貌、地层岩性、结构构造、气象水文、新构造运动及人类工程活动等致灾因子，采用模糊数学评价法，对全市进行了地质灾害易发程度分区评价，将本市划分地质灾害高易发区、中易发区和不易发区。根据崇州市地质灾害的特点及构成威胁及危害，结合崇州市的经济建设发展规划，将地质灾害防治划分为重点防治区、次重点防治区和一般防治区，分别提出了防治措施及建议。
绵阳市安县2012年度地质灾害应急排查报告,《绵阳市安县2012年度地质灾害应急排查报告》是按川国土资函[2012]1408号，由四川省地矿局909水文地质工程地质队承担；目的是努力发现并掌控新的隐患，不断完善已知隐患防灾措施，为全省地质灾害防治工作有序、高效开展提供依据。安县地处四川省东北部、绵阳市西北部，龙门山与四川盆地的结合部，地理坐标为：东经104°5′50″～104°38′10″，北纬31°22′23″～31°47′36″，幅员面积1182.37km2。本次工作主要成果有：1、通过收集前人资料，结合实地调查研究，基本查明了区内环境地质条件。2、对安县已有的510处地质灾害进行复核，对新增地质灾害进行全面调查，查明了其发育分布特征。3、对已实施或正在实施的66处地质灾害治理工程的防灾减灾效果及安全性、有效性进行了复核评估，重点对25条泥石流治理工程的防灾减灾效果及安全性、有效性进行了复核评估。4、选择了长柳河小流域等11处泥石沟进行了小流域综合治理示范建议。5、对安县16个乡镇进行全面调查，重点对高川乡场镇等三个场镇进行了调查评价和综合治理示范建议。6、在综合分析影响地质灾害发育的地质环境条件和主控因素的基础上，对安县地质灾害易发程度进行了分区评价，划分为高、中、低、不易发等4个区7个亚区。7、对安县危险区群众、监测人、村干部、学校等集中区进行地质灾害防灾避险知识培训，共培训45681人。8、完善已有510处地质灾害和更新了新增地质灾害空间信息系统。9、结合地质灾害发育情况及威胁对象，提出安县地质灾害防治建议；进行了防治分区，确定了防治重点；并更新48处地质灾害、编制了新增171处地质灾害防灾预案。
四川省2016年甘孜州新龙县地质灾害详细调查成果报告,四川省2016年甘孜州新龙县地质灾害详查项目由四川省地质工程勘察院于2016年6月-12月承担，该项目为1:5万地质灾害详细调查项目。  新龙县位于四川省甘孜州西北部，新龙县地处青藏高原东部边缘，地形总趋势为北高南低，北部最高点卡洼洛日，海拔5992米，南部最低点子拖西乡雅砻江河谷，海拔2760米。全县幅员面积9182.74km2，共辖19个乡镇，总体交通条件较差。  本次通过1:5万全县地质灾害专项测绘、1:1万重点场镇地质灾害专项测绘、1:1万小流域地质灾害专项测绘及钻探、测量、物探、遥感、取样、山地工程等工作手段完成了新龙县地质灾害详细调查工作。现境内共发育有地质灾害隐患点191处，其中泥石流111处，滑坡41处，不稳定斜坡18处，崩塌（危岩）21处，共计威胁715户4586人的生命财产安全，威胁资产达41690万元。本次进行了地质灾害易发性分区与危险性评价。根据定量和定性划分结果，并结合实际情况将新龙县划分为高易发区、中易发区、低易发区和不易发区四大类；根据地质灾害危险性指数分区，结合现场调查将新龙县划分为高危险区、中危险区、低危险区三类。本次详查将新龙县划分为重点防治区、次重点防治区、一般防治区。建立了新龙县1:5万地质灾害详细调查数据库，较详细反映了滑坡、崩塌、泥石流及不稳定斜坡各种灾害体的发育特征、规律。对本次详细调查的182处（不计消除地灾隐患的9处）进行防治措施建议，其中建议工程措施29处，搬迁避让13处，群测群防117处，排危除险23处。
“4.20”芦山强烈地震灾区雅安市宝兴县地质灾害详细调查报告,根据川国土资办发[2014]74号文相关通知，四川省地质工程勘察院承担宝兴县地质灾害详细调查。宝兴县位于四川西部雅安市北部的夹金山下，地处四川盆地与青藏高原东南缘的过渡，2013年受“4.20”强烈地震及连续强降雨影响，S210省道沿线发生多处崩塌、落石、掉块，造成交通阻断，多人伤亡。宝兴县2013年“4.20”芦山地震应急排查地质灾害点为477处地质灾害，共威胁到3992户、23023人、2处电站、1处自然景区、S210省道87处等，受威胁财产总额近16.7亿元。本次详查完成工作量包括：2014详查总计灾害点数为504处，威胁4891户，25347人、7处水利设施、1处旅游景区、S210省道63处。6个典型灾害点勘察，9个钻孔工程共计209.3m，采集岩样12件，完成探井70m，槽探306平方米。主要工作任务包括：遥感地质解译、地质灾害调查测绘、已有地质灾害隐患点全面核查、已实施工程治理点复核评估，并提出相应处置方案、地质灾害调查、区域地质环境条件调查、防灾避险搬迁安置迁入地适宜性评价、帮助指导当地汛期地质灾害防治、地质灾害空间信息系统修编等，为今后的地质灾害防治规划提供依据。
四川省2016年凉山州会东县地质灾害详细调查报告,四川省2016年凉山州会东县地质灾害详细调查项目为省厅财政项目，目的是通过开展1∶5万地质灾害详细调查，查清地质环境条件，摸清地质灾害发育情况，协助开展预防避让及突发地质灾害险情应急处置，为当地做好汛期地质灾害防治工作提供技术支撑，并为各级政府科学开展地质灾害防治工作提供依据。项目来源为网上公开招投标中标获取，招标人为四川省地政地籍事务中心。本次地灾详查调查区范围为会东县全境，面积为3227km2。调查滑坡、崩塌、泥石流、不稳定斜坡等各类地质灾害点共330处，其中滑坡263处（巨型1处、特大型4处、大型10处、中型89处、小型159处）、崩塌14处（大型2处、中型3处、小型9处）、泥石流42处（中型10处、小型32处）、不稳定斜坡（大型3处、中型6处）、地面塌陷1处（小型）、地面沉降1处（小型）；目前全县地质灾害共威胁5326户，22311人，威胁财产55645万元。本次详查最终确定地质灾害隐患点278处，其中滑坡227处、泥石流35处、崩塌8处、不稳定斜坡8处，分别占地质灾害隐患点总数的81.65%、12.59%、2.88%和2.88%；隐患点规模类型以小型为主，其次为中性，分别有160处和98处，分别占隐患点总数的57.55%和35.25%。
四川省名山县地质灾害调查与区划成果报告,《四川省名山县地质灾害调查与区划》报告由四川省地质环境监测总站完成。目的：查明名山县地质灾害的发育分布情况，划分出地质灾害的危险区、易发区，协助名山县政府建立地质灾害群测群防预警体系。测区位于成都平原西南边缘，辖9镇11乡、192个村、1244个村民小组。完成工作量：地质灾害调查614.27km^[2]，调查各类地质灾害点80处，其中滑坡66处，崩塌危岩2处，潜在不稳定斜坡12处。取得的主要成果：在充分收集分析区内地质、水文地质、工程地质、环境地质、国民经济、社会发展以及气象、水文等资料基础上，对区内滑坡、潜在不稳定斜坡和崩塌等各类地质灾害的发育特征、形成条件、影响因素及分布规律进行了详细分析。在充分研究区内地质灾害发育分布规律的基础上，选取地形地貌、地层岩性、地质构造、气象水文、人类工程活动等为一级致灾因子，采取综合评价的方法，对全县进行了地质灾害区划，划分出地质灾害高易发区、中易发区和低易发区，并分区进行了评价。对区内重要的地质灾害点进行了危险性分析与预测。在对地质灾害易发程度分区基础上，结合本区人类工程活动的特点，划定了地质灾害重点防治区、次重点防治区和一般防治区。提出了近、中、远期防治规划，为本区地质灾害的防治管理提供了可靠的依据。
四川省泸州市龙马潭区地质灾害调查与区划成果报告,《四川省泸州市龙马潭区地质灾害调查与区划》报告由四川省地质环境监测总站完成。目的：在全面调查研究全区地质灾害的基础上，重点调查城镇及经济开发区的地质灾害隐患，划出地质灾害易发区，建立地质灾害地理信息系统，为该区地质灾害防治提供科学依据。      龙马潭区为泸州市长江北岸市辖区。主要工作量：地质灾害调查340.8平方千米，调查地质灾害点31处，其中滑坡15处、崩塌2处、不稳定斜坡14处。取得的主要成果：在分析区内地质、水文地质、工程地质、环境地质、国民经济、社会发展以及气象、水文等资料基础上，阐述了区内的自然地理和地质环境条件。阐述了区内地质灾害的发育分布规律、形成条件及影响因素。对区内重要地质灾害点进行了危险性初步分析与预测。选择地形地貌、地层岩性、结构构造、气象水文、新构造运动及人类工程活动等致灾因子，采用模糊数学评价法，对全县进行了地质灾害易发程度分区评价，划分出地质灾害高易发区、中易发区及低易发区。结合区内人类工程活动特点，划定了地质灾害重点防治区、次重点防治区及一般防治区。提出了近、中、远期防治规划，为调查区的地质灾害防治管理提供了可靠的依据。
四川省2015年广元市青川县地质灾害详细调查报告,1、青川县位于四川盆地北部边缘，川、甘、陕交界处，白龙江下游，四川省广元市。全县幅员面积3216.23平方千米，共辖10个镇26个乡1个自然保护区212个行政村，总人口约22.2万人。地势西北高南东低，以中低山为主。境内岩性较为复杂，构造活动较强烈，地质环境条件较复杂。受特殊的自然地理环境、地质构造背景以及采矿、城镇建设等强烈的人类活动工程导致工作区地质灾害发育，地质灾害对人民生命财产安全造成了较大威胁和危害，并在一定程度上制约了青川县社会经济发展。2、本次工作采用资料收集、遥感解译、地面调查、钻探、物探、探井（槽）、地形测量、室内测试等多种手段，完成调查面积3216.23km2，其中1:1万重点调查区59km2、1:5万重点调查区369.7km2、1:5万一般调查区面积1916.8km2，1:5万概查区面积929.74km2，调查地质环境点1837个。完成1:1万遥感地质解译59km2、1:5万遥感地质解译3216.23km2，解译地质灾害点地质环境点200处。3、完成原有地质灾害隐患点复核592处、新增地质灾害隐患点调查25处；完成1:1000地形图测量2.44km2、1:1000工程地质测绘2.44km2、1:1000工程地质剖面测绘10.7km、物探2km（251个点）、浅井54.2m、钻探309m/14孔、探槽240m3、岩土测试66件、水质分析5件；完成全区67条集镇或聚居区重点地段1:2000地质灾害调查（剖面测绘），实测剖面长度16.008km；完成地质灾害治理工程有效性评估78处，地质灾害隐患点避险搬迁安置调查9处，已建安置点调查83处；建立或完善防灾预案514份、防灾明白卡514份、避险明白卡3261份。完成1:5万地质灾害详细调查信息系统、四川省地质灾害易发区群众防灾避险搬迁安置工程调查与区划空间信息系统和四川省县市地质环境信息管理系统各1套，完成详查报告正文1份 、附件24份、附表4份、附图416张。按照任务书和相关要求完成了相应工作量。
“4.20”芦山强烈地震灾区乐山市峨眉山市1/5万地质灾害详细调查报告,根据四川省国土资源厅办公室关于下达的《“4.20”芦山强烈地震灾区芦山县等20个县（市、区）地质灾害详查工作任务的通知》【川国土资办发 [2014]74号】的任务书，四川省地质矿产勘查开发局四0五地质队承担“4.20”芦山强烈地震灾区乐山市峨眉山市地质灾害详查工作。四川省峨眉山市位于四川盆地西南边缘，县域东西宽35Km，南北长49Km，工作区面积1183平方公里。区内公路四通八达，交通十分便利。主要实物工作量：本次详查共完成全县1:50000调查测绘，测绘面积1183平方公里，其中重点调查区面积973.2平方公里，一般调查区面积209.8平方公里，共调查各类地质灾害点185处，地质环境点402处；完成普兴乡、川主乡、黄湾乡等7处重点地段1:10000调查测绘，调查测绘面积25.83平方公里；完成全县1:50000遥感解译，解译面积1183平方公里，完成重点地段1:10000遥感解译45.45平方公里，解译地质灾害点47处；完成五显岗滑坡、水井湾滑坡、塘底下滑坡、腊月庙地面塌陷4处典型点勘查；完成典型斜坡、岩土体结构实测剖面39.15km/45条；完成物探剖面5条1886m；完成钻探进尺369m；浅井81.7m；探槽131方；岩土试验51组；水样8组；地形测量及工程地质测量0.80平方公里；完成全县已实施34处重大治理工程及排危除险工程有效性复核等工作。峨眉山市大地构造隶属于川滇南北构造带北段，地质构造以断裂为主，褶皱构造形态复杂多样。境内山区褶皱、断层发育，整体处于构造活动带上，其地质构造极其复杂。峨眉山市目前发育地质灾害184处，其中滑坡113处，崩塌44处，不稳定斜坡11处，泥石流6处，地面塌陷10处。地质灾害主要威胁1451户4845人生命安全，威胁财产28900万元。根据峨眉山市地质环境条件，地质灾害发育分布特征、危害程度等，对峨眉山市地质灾害易发程度、危险程度、防治规划等划分了7个分区进行评价。
四川省乐山市沙湾区地质灾害调查与区划成果报告,《四川省乐山市沙湾区地质灾害调查与区划》报告由四川省地质环境监测总站完成。目的：通过对全区地质灾害调查研究，查明本区存在的地质灾害隐患，划分出地质灾害易发区，建立地质灾害地理信息系统。为有计划地开展地质灾害防治提供科学依据。乐山市沙湾区位于乐山市西南，辖8镇5乡，146个村，1047个村民小组。完成工作量：地质灾害调查610.89平方公里，调查地质灾害点47处，其中滑坡27处，崩塌5处，泥石流2处，不稳定斜坡13处。取得的主要成果：在分析区内地质、水文地质、工程地质、环境地质、国土利用现状、国民经济、社会发展以及气象、水文等资料基础上，对区内的自然地理和地质环境条件进行了详细阐述。对区内滑坡、崩塌、泥石流等地质灾害的形成条件、影响因素及发布规律进行了分析。在分析区内地质环境条件基础上，提取出23个主要致灾因子，采用综合评价的方法，将全区划分为地质灾害高易发区、中易发区和低易发区。根据区内地质灾害易发程度分区和对地质灾害经济损失的客观评估，结合测区国民经济建设与社会发展规划，将测区划分出9个防治亚区。提出了地质灾害防治规划建议。
“4.20”芦山强烈地震灾区眉山市东坡区1/5万地质灾害详细调查报告,根据《四川省国土资源厅办公室关于下达\
四川省荥经县地质灾害调查与区划成果报告,《四川省荥经县地质灾害调查与区划》报告由四川省地质环境监测总站完成。目的任务：查清荥经县主要地质灾害隐患，划出地质灾害易发区，建立地质灾害地理信息系统，为地方政府建立地质灾害群测群防网络和编制主要地质灾害隐患点的防灾预案提供科学依据。荥经县位于雅安市中部，辖2镇23乡105个行政村。完成工作量：地质灾害调查1781.04平方千米，调查各类地质灾害点73处，其中潜在不稳定斜坡34处，滑坡30处，崩塌4处，泥石流3处，地裂缝3处。取得的主要成果：在收集分析区内地质、水文地质、工程地质、环境地质、国民经济、社会发展以及气象、水文等资料基础上，对区内滑坡、崩塌、泥石流地裂缝、潜在不稳定斜坡等各类地质灾害的发育特征、形成条件、影响因素及分布规律进行了详细分析。在充分研究区内地质灾害发育分布规律的基础上，选取地形地貌、地层岩性、地质构造、气象水文、新构造运动及人类工程活动等为一级因子，采取综合评价的方法，对全县进行地质灾害区划，划分出地质灾害高易发区、中易发区和低易发区3个区，并分区进行了评价。对区内重要的地质灾害点进行了危险性分析与预测。在地质灾害易发程度分区基础上，结合区内人类工程活动的特点，划分了地质灾害重点防治区、次重点防治区和一般防治区。提出了近、中、远期防治规划，为本区地质灾害的防治管理提供了可靠的依据。
四川省矿山地质地理环境综合调查与评估成果报告,<四川省矿山地质环境综合调查与评估>项目由四川省地质环境监测总站完成。目标任务：开展四川省矿山地质环境综合调查，摸清全省矿山基本现状，查明主要矿山环境地质问题及其危害。为合理开发矿产资源，保护地质环境、矿山环境整治、矿山生态系统恢复与重建、实施矿山地质环境监督管理提供基础资料，为制定矿山地质环境保护规划提供科学依据。完成工作量: 调查矿山1750平方千米，坑槽探1950立方米，遥感解译11137平方千米，物探5千米，水样120件，土样120件；矿山灾害调查44点。主要成果: 在全面介绍四川省自然地理、地质背景、社会经济及矿产资源开发利用现状的基础上，通过大量统计分析，全面介绍了四川省矿山资源破坏、地质灾害及环境污染等环境地质问题、形成原因、防护与恢复治理措施及成效；然后，以采矿对矿山地质环境影响程度为主、兼顾地质���境背景的原则，采用因���得分法进行了矿山地质环境综合评估及分区评述，并对其发展趋势作出了预测；在此基础上，结合《四川省矿产资源总体规划》，进行了四川省矿山地质环境保护与整治分区，提出了矿山地质环境保护与整治对策建议；典型矿区矿山地质环境调查与评估对省内6个代表性矿区就其矿山地质环境背景、主要矿山环境地质问题分别进行了较详细的阐述并进行了综合评估分区，并提出了矿山地质环境保护与整治对策建议。
四川省1:20万绵阳、平武、广元、文县四幅区域重力调查项目成果报告,《四川省1:20万绵阳、平武、广元、文县四幅区域重力调查项目成果报告》由四川省地质调查院完成。目的：进一步圈定成矿远景区或提出有找矿意义的地段；分析深部物质的均衡状态和区域地壳稳定性，总结其地质灾害发育特征，为资源评价、区域地质环境调查和基础地质图件更新等提供高质量的区域重力资料。四川省1:20万绵阳、平武、广元、文县四幅区域重力调查项目位于四川省北部，甘肃省的东南部。完成工作量：野外工作面积约27841km^[2]，完成测点5220个，重力测点质量检查点273个，检查比例达4.6%；联测GPS基准站18个；联测一级重力支基点9个，联测二级重力支基点24个；采集测定密度标本3633块，磁性标本240块。主要成果：通过对四川省1:20万绵阳、平武、广元、文县四幅区域重力调查工作的研究，在全面收集工作区以往地物化遥调查成果资料及对重磁资料进行必要数据处理的基础上，对区内地质构造分区、断裂带展布、岩浆岩（或岩体）和沉积盆地等进行划分和圈定，探讨其与成矿、控矿的关系，并进一步圈定成矿远景区或提出有找矿意义的地段；分析深部物质的均衡状态和区域地壳稳定性，总结其地质灾害发育特征，为资源评价、区域地质环境调查和基础地质图件更新等提供高质量的区域重力资料。
四川省宝兴县地质灾害调查与区划成果报告,《四川省宝兴县地质灾害调查与区划》报告由四川省地质环境监测总站完成。目的：查明宝兴县存在的地质灾害隐患，划分出地质灾害的危险区、易发区，建立地质灾害地理信息系统，协助当地政府编制地质灾害防治规划。宝兴县位于雅安市北部，辖11个乡镇54个行政村。完成工作量：地质灾害调查3114Km^[2]，调查地质灾害点66处，其中滑坡33个、崩塌3处、泥石流23处、不稳定斜坡6处、地面塌陷1处。取得的主要成果：在分析区内地质、水文地质、工程地质、环境地质、国民经济、社会发展以及气象、水文等资料基础上，对区内的自然地理和地质环境条件做了阐述。对区内滑坡、崩塌、泥石流等地质灾害的形成条件、影响因素及分布规律进行了详细分析。在分析区内地质环境条件基础上，提取23个主要致灾因子，采取综合评价的方法，计算出单元网格的地质灾害易发程度综合评价值，将全区划分为地质灾害高易发区、中易发区和低易发区。并对区内重要的地质灾害点进行了危险性分析与预测。本着以人为本的指导思想，根据区内地质灾害易发程度分区和对地质灾害经济损失的客观评估，结合宝兴县国民经济建设与社会发展规划，将宝兴县划分出重点防治区、次重点防治区和一般防治区。提出了地质灾害防治规划建议。
四川省九龙县地质灾害详细调查成果报告,"<四川省九龙县地质灾害详细调查>项目由四川省地质调查院承担.目的任务:开展四川九龙县滑坡、崩塌、泥石流等地质灾害详细调查,基本查明区内地质灾害及其隐患发育特征、分布规律以及形成的地质环境条件,并对其危害程度进行评价,划分地质灾害易发区和危险区,建立健全群测群防网络,建立地质灾害信息系统,为减灾防灾和制定区域防灾规划提供基础地质依据。九龙县位于甘孜、凉山、雅安三州（市）的结合部位.完成工作量:1:5万遥感调查6800km2,1:5万工程地质测绘230km2,工程钻探502.2m,工程物探15.2㎞,1:1千工程地质剖面测量117㎞。主要成果：查明了滑坡崩塌泥石流等地质灾害形成的地形地貌、地层岩性、地质构造条件，阐明了地下水活动及人类工程活动等对滑坡的影响，进行了工程地质条件区划，为地质灾害发育特征、分布规律、形成机理以及搬迁避让新址的适宜性评价等奠定了良好的基础。查明了区内地质灾害的类型，总结了地质灾害发育特征及分布规律。区内地质中类型主要有滑坡,不稳定斜坡,崩塌和泥石流等,集中分布于雅砻江、九龙河及踏卡河流域的河谷岸坡。总结了雅砻江、九龙河及踏卡河流域的河谷岸坡环境工程地质特征,概划出了2大类、4亚类及11小类的岸坡类型。综合地质环境背景条件、诱发因素、现有灾害稳定状态及发展趋势等控制影响因素，进行了岸坡稳定性评价分区。进行了地质灾害易发程度分区，划分了高易发区、中易发区和低易发区三大类。根据地质灾害易发区和危险性分区结果，把全县划分为地质中重点防治区、次重点防治区和一般防治区，分别提出了地质环境保护与地质灾害防治的措施建议。"
四川省普格县地质灾害调查与区划报告,"<四川省普格县地质灾害调查与区划>项目由四川省地质矿产勘查开发局承担并完成。目的任务:通过对普格县地质灾害隐患点和避险搬迁农户的调查和地质灾害易发程度分区，确定普格县地质灾害的重点防治区和防治重点，健全群专结合的监测网络，协助普格县人民政府制定地质灾害防治规划、防灾预案和避险搬迁安置工程规划。普格县隶属凉山州,面积1918Km2,总人口约12.61万。完成工作量：地质灾害调查面积1918 km2、调查路线213.65 km、地质灾害及隐患点38处,。主要成果：查明了普格县地质灾害类型主要是泥石流、滑坡和崩塌，调查核实的地质灾害隐患点38个，其中泥石流20处、滑坡16处、崩塌2处。地质灾害规模以中、小型为主，中型12处、小型23处、潜在（泥石流）3处；按危害程度特大型3处、重大型16处、较大型16处、一般型3处。地质灾害分布受斜坡地貌、岩性等因素控制，地质灾害形成以自然地质环境为主导因素，暴雨、人为不良工程活动为主要诱发因素。调查划分地质灾害易发区3个，亚区9个，其中地质灾害高易发亚区2个、中易发亚区3个、低易发亚区4个。划分出地质灾害重点防治区1个、次重点防治区2个、一般防治区2个，并结合普格县发展规划提出地质灾害防治规划，分期分批的开展地质灾害防治工作，减少因地质灾害造成的重大人员伤亡和财产损失。通过避险搬迁安置工程调查，确定了搬迁地质灾害隐患点3处，拟搬迁农户94户，调查选择搬迁场地3处，拟安置农户94户。加强地质环境管理在划定的地质灾害易发区内从事任何工程建设都必需进行建设用地地质灾害危险性评估，杜绝人为不良工程活动诱发地质灾害。"
四川省南充市仪陇县地质灾害详细调查成果报告一二册,受“5.12”汶川特大地震、“4.20”芦山强烈地震、“11.12”康定地震及频发极端天气、不合理人类工程活动等影响，四川省境内山区地质环境条件变得更加脆弱，诱发新增了大量崩塌、滑坡、泥石流、不稳定斜坡等次生地质灾害，原有地质灾害隐患点绝大部分出现变形加剧、险情加重趋势，严重危害人民群众生命财产安全，制约着社会经济可持续发展。在此背景下，我单位通过收集资料、野外踏勘和积极参加投标活动，有幸中标“四川省2016年地质灾害详细调查第11标段（南充市仪陇县）”，成为该项目承建单位。本次详查在充分收集已有资料的基础上，以遥感解译、地面调查、测绘和工程勘查为主要手段，开展仪陇县滑坡、崩塌、泥石流等地质灾害详细调查，基本查明县境内地质灾害及其隐患发育特征、分布规律以及形成的地质环境条件，并对其危害程度进行评价，划分地质灾害易发区和危险区，建立健全群测群防网络，建立地质灾害信息系统，为减灾防灾和制定区域防灾规划提供基础地质依据。        本次详查完成了全县1:50000调查测绘面积1791km2，其中重点调查区面积363.3km2，一般调查区面积1427.7km2；调查了各类地质灾害点769处、地质环境点136处；完成全县1:50000遥感解译面积1791km2，完成重点场镇及典型小流域1:10000遥感解译73.7km2，解译地质灾害和环境点131处；完成金城镇、大寅镇、永乐镇、立山镇4处重点地段1:10000调查测绘面积39.7km2；完成肖水河典型小流域综合调查测绘，面积34km2；完成了金城镇瑞泉路危岩、赵家湾堆积场滑坡、三河镇兰田滑坡3处典型点勘查及小流域勘查；完成典型斜坡、岩土体结构实测剖面19条18.452km；完成钻探31孔410.4m，浅井30口102.2m；完成全县已实施治理工程及排危除险复核29处，完成地质灾害宣传培训13场次、汛期指导（3人）、四川省地质环境地质灾害基础数据库数据录入等工作，全部或超额完成了投标及设计书所有工作量。
“4.20”芦山强烈地震灾区凉山州甘洛县地质灾害详细调查报告,2013年“4.20”芦山强烈地震给我省人民生命财产和经济社会发展造成了重大损失，“4.20”芦山强烈地震灾区地质构造复杂，褶皱、断层发育，总体处于龙门山断裂带上，地质灾害极为发育。为切实做好“4.20”芦山强烈地震灾区地质灾害防治工作，确保基础设施和灾害区人民群众生命财产安全，四川省地政地籍事务中心按川发改地区涵［2014］608号文的要求，开展 “4.20”芦山强烈地震灾区21个县（市、区）地质灾害详查的建设工作。2014年8月5日，根据专家组评议和招标领导小组会议，确定四川省峨眉山四零三建设工程公司为《“4.20”芦山强烈地震灾区凉山州甘洛县地质灾害详细调查项目》承担单位，开展凉山州甘洛县区地质灾害详细调查工作。本次通过1:1万、1:5万测绘、钻探、遥感、物探、取样等工作手段，完成甘洛县境内现发育有地质灾害隐患点194处，其中泥石流沟50条，潜在不稳定斜坡24处，滑坡96处，崩塌24处。现194处地质灾害隐患点尚威胁着财产43743万元，威胁和影响人数达19749人。甘洛县共分为危险性高（I）、危险性中（III）、危险性低（III）三个大区。全县灾民集中安置点共12处。综合影响选址的主要因素及次要因素，采用综合模糊评判的方法对各安置点综合评价；解决了248户1095人的灾民安置问题。建立了甘洛县地质灾害数据库，较全面地反映了滑坡、崩塌、泥石流、不稳定斜坡等4大灾种的主要特征指标。建立了不同灾害的特点形成表与表之间的关系。
四川省广安市环境地质遥感综合调查与评价,广安市位于四川东部，辖武胜、岳池、邻水三县和广安区、华蓥市，人口425万，面积6343.61平方公里。四川省地矿厅以川地函字[1998]51号文下达任务开展工作。项目组成员采用航空照片、卫星图像和实地踏勘相结合的办法，经过一年多的努力获得如下成果：1.利用TM卫星数据资料经计算机多种程序处理，编制了质量较高的广安卫星影像图。2.将区内岩土体分为碎屑岩类、碳酸盐岩类和含软弱夹层的特殊岩石类，并将占区内面积80%的碎屑岩细分为四个工程地质岩组。3.解译和调查了区内地质灾害193处，查出灾害类型主要有：滑坡、崩塌、危岩、泥石流、变形体、地质塌陷和矿渣不稳定堆积体等七种。4.收集和调查了区内94处地质灾害，其中滑坡达58起。汛期是灾害发生集中时间。列出了区内现有91处有潜在危害的地质灾害，提出了预防和治理建议。该成果达国内领先水平。
四川省内江市矿山地质环境调查评价成果报告,一、项目基本情况2017年8月23日四川省不动产登记中心（四川省地政地籍事务中心）公开招标四川省矿山地质环境详细调查项目4标段（遂宁市、资阳市、内江市、自贡市、宜宾市）项目，2017年9月20日四川乐山二零七建设工程公司被确定为中标人，开展遂宁市、资阳市、内江市、自贡市、宜宾等5个市矿山地质环境详细调查工作。项目中标价2457931元，项目资金来源为省财政资金，任务书编号：川国土资办函[2017]83号。二、完成主要工作量本次工作主要开展了通过多种渠道进行资料收集工作，地质环境背景调查、矿山基本情况调查、矿山地质环境问题调查工作，开展了1:1万专项环境地质、地质灾害测量277.44平方公里、1:5万专项环境地质、地质灾害测量207.43平方公里，共计调查矿山559个，可控音频大地电磁测深1.05公里，测点23个，物探高密度电法1.5公里，测点300个，1:1万遥感地质解译165平方公里，采集土壤样71件，水样56件。三、项目评审情况2018年1月5日，受四川省国土资源厅委托，四川省地质环境监测总站在成都邀请中国地质调查局成都地调中心、四川省冶金地质勘查局606大队、四川省地质矿产勘查开发局106地质队、四川省地质矿产勘查开发局915地质队、成都理工大学等单位的专家组成评审委员会，对四川乐山二零七建设工程公司提交的《四川省2017年矿山地质环境调查评价成果报告[第4标段（遂宁市、资阳市、内江市、自贡市、宜宾市）]》进行了评审，遂宁市、资阳市、内江市、自贡市、宜宾市国土资源局的代表参加了会议。会议评审专家一致认为该成果章节安排合理，附图、附表及附件齐全，论述分析依据较充分。建议项目承担单位按与会专家的意见进行认真修改、补充和完善后，尽快提交相关单位使用。成果报告评分为70.5分，质量等级为合格。四、取得的主要成果在内江市国土资源局的大力支持和配合下，完成了内江市的在建、生产、闭坑矿山地质环境现状调查评价工作。通过本次专项调查评价工作，基本摸清了古蔺内矿业开发利用现状、开发利用强度以及矿山地质环境的家底，查明了区内矿山地质灾害类型、分布、危害及损失情况；查明了矿业开发对土地资源的破坏情况；查明了矿业废渣、废水的污染情况；查明了矿业开发对地下水系统的破坏情况。对全区矿山地质环境进行了质量综合评价分区。初步总结了全区矿山生态环境恢复治理的措施和成功经验，提出了矿山地质环境保护及矿山生态环境恢复与治理的对策和建议。为实施内江市矿山地质环境动态监测提供了坚强的技术支撑，为矿山环境监督管理和恢复整治提供了科学依据，达到了预期的质量要求。其具体的调查与评价工作总体结论如下：1、本次工作共调查内江市559家矿山，由于脆弱的矿山地质环境条件，复杂的矿产赋存条件、地质构造、水文地质条件等因素，区内矿山地质环境问题突出。2、内江市矿业开发占用及破坏土地资源是一个普遍性的环境地质问题，几乎每一处矿山或多或少、不同程度地存在着各类固体废弃物（废石、废土等）占用及破坏土地资源问题。内江市因矿业开发造成土地占用于损毁面积1336.02hm2，主要表现在工业广场压占土地资源，共计388.09hm2；露天采场损毁土地，共计389.52hm
四川省自贡市矿山地质环境调查评价成果报告,一、项目基本情况2017年8月23日四川省不动产登记中心（四川省地政地籍事务中心）公开招标四川省矿山地质环境详细调查项目4标段（遂宁市、资阳市、内江市、自贡市、宜宾市）项目，2017年9月20日四川乐山二零七建设工程公司被确定为中标人，开展遂宁市、资阳市、内江市、自贡市、宜宾等5个市矿山地质环境详细调查工作。项目中标价2457931元，项目资金来源为省财政资金，任务书编号：川国土资办函[2017]83号。二、完成主要工作量本次工作主要开展了通过多种渠道进行资料收集工作，地质环境背景调查、矿山基本情况调查、矿山地质环境问题调查工作，开展了1:1万专项环境地质、地质灾害测量367.76平方公里、1:5万专项环境地质、地质灾害测量274.97平方公里，共计调查矿山424个，可控音频大地电磁测深1.35公里，测点28个，1:1万遥感地质解译164平方公里，采集土壤样94件，水样65件。三、项目评审情况2018年1月5日，受四川省国土资源厅委托，四川省地质环境监测总站在成都邀请中国地质调查局成都地调中心、四川省冶金地质勘查局606大队、四川省地质矿产勘查开发局106地质队、四川省地质矿产勘查开发局915地质队、成都理工大学等单位的专家组成评审委员会，对四川乐山二零七建设工程公司提交的《四川省2017年矿山地质环境调查评价成果报告[第4标段（遂宁市、资阳市、内江市、自贡市、宜宾市）]》进行了评审，遂宁市、资阳市、内江市、自贡市、宜宾市国土资源局的代表参加了会议。会议评审专家一致认为该成果章节安排合理，附图、附表及附件齐全，论述分析依据较充分。建议项目承担单位按与会专家的意见进行认真修改、补充和完善后，尽快提交相关单位使用。成果报告评分为70.5分，质量等级为合格。四、取得的主要成果在自贡市国土资源局的大力支持和配合下，完成了自贡市的在建、生产、闭坑矿山地质环境现状调查评价工作。通过本次专项调查评价工作，基本摸清了自贡市矿业开发利用现状、开发利用强度以及矿山地质环境的家底，查明了区内矿山地质灾害类型、分布、危害及损失情况；查明了矿业开发对土地资源的破坏情况；查明了矿业废渣、废水的污染情况；查明了矿业开发对地下水系统的破坏情况。对全区矿山地质环境进行了质量综合评价分区。初步总结了全区矿山生态环境恢复治理的措施和成功经验，提出了矿山地质环境保护及矿山生态环境恢复与治理的对策和建议。为实施自贡市矿山地质环境动态监测提供了坚强的技术支撑，为矿山环境监督管理和恢复整治提供了科学依据，达到了预期的质量要求。其具体的调查与评价工作总体结论如下：1、本次工作共调查自贡市424家矿山，由于脆弱的矿山地质环境条件，复杂的矿产赋存条件、地质构造、水文地质条件等因素，区内矿山地质环境问题突出，主要分布在威远背斜南翼荣县煤矿、石灰岩矿、高岭土矿矿集区，大安区-自流井区盐卤矿矿集区，青山岭背斜富顺煤矿、石灰岩矿矿集区。2、自贡市矿业开发占用及破坏土地资源是一个普遍性的环境地质问题，几乎每一处矿山或多或少、不同程度地存在着各类固体废弃物（废石、废土等）占用及破坏土地资源问题，自贡市因矿业开发造成土地占用于损毁面积691.94 hm2，主要表现
岷江流域理县地质灾害详细调查成果报告,《岷江流域理县地质灾害详细调查》项目由四川省地质调查院承担。目标任务：开展岷江流域理县滑坡、崩塌、泥石流等地质灾害详细调查，基本查明区内地质灾害及其隐患发育特征、分布规律以及形成的地质环境条件，并对其危害程度进行评价，划分地质灾害易发区和危险区，建立地质灾害信息系统，为减灾防灾和制定区域防灾规划提供基础地质依据。理县位于岷江上游，属四川阿坝藏族羌族自治州所辖。完成工作量：地质灾害调查4318km^[2]，调查地质灾害点358处，其中滑坡74处、不稳定斜坡105处、崩塌65处、泥石流114处。取得的主要成果：对区内环境工程地质条件进行了深入分析和论述，查明了地质灾害类型和发育特征。对5.12汶川地震前后的地质灾害发育特征进行了对比分析，认为除蒲溪乡、杂古脑镇、甘堡乡、桃坪乡四乡镇的地质灾害分布密度略有加大，其它乡镇地质灾害点的分布密度变化不大。开展了杂古脑河、孟屯沟岸坡类型划分，将杂古脑河、孟屯沟岸坡类型划分为3大类11亚类，并进行了岸坡稳定性评价分区。在系统分析地质灾害成灾背景和主要影响因素的基础上，进行了地质灾害易发程度分区，将理县划分为地质灾害高易发区、中易发区和低易发区3大类。并进行了地质灾害分区评价。开展了地质灾害防治区划，将全县划分为重点防治区、次重点防治区和一般防治区。提出了地质灾害防治规划建议，建立了理县科技图形库和地质灾害数据库。
云南省宁蒗彝族自治县地质灾害详细调查报告,云南省宁蒗彝族自治县（以下简称“宁蒗县”）位于云南省西北部，东边紧邻四川省盐源县，下辖15个乡镇，面积约6025km2。2013年云南省地质地调局启动了宁蒗县地质灾害详细调查项目，在以往宁蒗县地质灾害调查与区划的基础上，开展地质灾害详细调查工作，工作手段以遥感为先导，地面调查、工程地质测绘、工程勘查为主要手段，并辅以相应的岩土体测试，其目的为基本查明区内地质灾害及其隐患发育特征、分布规律以及形成的地质环境条件，并对其危害程度进行评价，划分地质灾害易发区和危险区，建立健全群测群防网络，建立地质灾害信息系统，为减灾防灾和制定区域防灾规划提供基础地质依据。
四川省2015年绵阳市北川县地质灾害详细调查报告,为了认真贯彻落实中央和省委、省政府领导重要批示精神，进一步切实做好地震灾后恢复重建省级规划的地质灾害防治工作，确保人民群众生命财产安全，四川省地质工程勘察院通过竞标，承担了第10标段四川省2015年绵阳市北川县地质灾害详细调查工作，在已经开展了北川县地质灾害调查与区划的基础上，提高精度，通过遥感解译、地面调查、测绘、勘探及试验等技术手段，开展全县滑坡、崩塌、泥石流等地质灾害详细调查，分析地质环境孕灾条件，为防灾减灾工作提供基础地质依据。本次北川县地质灾害详细调查的主要实物工作量如下：1、调查总面积3084km2。其中，1:5万重点调查区面积339.24km2；1:5万一般调查区面积1894.36km2；1:5万概查区面积850.40km2。1:1万调查区面积45km2。2、复核已有地质灾害点、调查新增地质灾害点和工程治理点复核覆盖北川县全县。3、遥感解译：1:5万遥感地质解译面积3084km2；1:1万遥感地质解译45km2。4、钻探进尺319m；井探50m；物探1000m。5、岩、土、水样测试：19组（件）。6、数据库建设1套。7、工作成果1套。本次地质灾害详细调查工作全面或超额完成了任务书、设计书和变更设计书的工作量。部分工作量比如调查控制点、钻探、物探，根据实际需要，完成工作量均大于设计和变更工作量。总的来说完成工作量与设计工作量基本吻合，达到了预期的目的，并且在一定程度上还促进了某些地质灾害问题的深入研究，提高了本次调查工作的质量。
四川省主要城市环境地质调查评价报告,《四川省主要城市环境地质调查评价》报告由四川省地质调查院完成。目标任务：重点调查城市环境地质问题及社会经济影响和损失；开展地质环境脆弱性评价和功能区划，提出防治对策建议，为国土开发与整治，城市的规划、建设、管理和社会公众对地质环境信息的需求服务。完成工作量：环境地质调查5909km2，钻探26275米，水质全分析303组，污染分析239组。取得的主要成果：首次全面系统地开展了四川省主要城巿的环境地质调査，基本査明了各城巿的环境地质条件、地质资源、人类工程经济活动状况及城巿发展规划。确定了地质灾害、水污染和地下水水位下降、不良地基等七种主要环境地质问题，并在此基础上对这些问题的存在现状、发生原因和影响危害进行了较为深入的分析和论述。根据环境地质问题的类型的差异，采用期望经济损失评估法、恢复费用法、经验估算法等对城巿环境地质问题所造成的社会经济损失进行了评估。对城巿地下水资源，地质灾害易发程度、垃圾场、地质环境质量等进行了评价。在绵阳巿进行了城巿地质三维空间的有益探讨，增加了典型城巿分析，对资阳、西昌两个城巿在城巿规划种存在的问題进行了分祈研究。提出了加强环境保护措施的建议。
四川省2016年甘孜州理塘县地质灾害详细调查项目成果报告,本次理塘县地质灾害详查范围包括理塘县所辖行政区内所有区域，北纬28°59′～30°43′、东经99°42′～100°56′，详查面积14352km2。本次地质灾害详细调查在资料收集、遥感解译基础上，采用地质调查测绘，线路穿越调查、典型点勘查解剖等手段，初步查明人类工程活动遇到的和可能诱发的各种主要地质灾害、特殊不良地质环境条件和环境地质问题的发育特征和分布规律，做出现状评价和发展趋势预测，提出防治或适应对策建议。全面或超额完成了详查任务，满足详查任务及相关技术要求。理塘县共育有地质灾害点103处，其分布的平均密度为0.72处/100km2，其中泥石流67处，占总数的65.0%，滑坡22处，占总数的21.4%，不稳定斜坡9处，占总数的8.7%，崩塌5处，占总数的4.9%。威胁对象以分散农户、聚居区、交通干线、水利设施、寺庙等为主，共威胁农户1072户6217人，威胁总资产约42628万元。根据理塘县地质环境条件、地质灾害发育分布特征、人类工程经程度、危险性等进行了地质灾害易性发分区与危险性评价，将理塘县划分为地质灾害高、中、低和不易发4个易发区，其中高易发区面积720.5km2、中易发区面积3053.6km2、低易发区面积4350.7km2、不易发区面积6227.2km2；将危险性划分为危险性大、中、小3个分区，其中危险性大区面积380.8km2、危险性中等区面积6462.3km2、危险性小区面积7508.9km2。根据地质灾害易发程度、危险性及经济活动等，进行了地质灾害防治区划，其中重点防治区面积612.5km2、次重点防治区面积4078.5km2、一般防治区面积9661.1km2。对全县103处地质灾害隐患点均需加强群测群防工作，其中建议对27处采取工程治理措施、18处采取排危除险措施、45处采取搬迁避让措施。完善更新了四川省地质环境管理系统地质灾害基础数据库，建立了理塘县1:50000地质灾害详细调查信息系统及四川省地质灾害易发区群众防灾避险搬迁安置工程调查与区划空间信息系统。
四川省丹巴县1/5万地质灾害详细调查成果报告,四川省甘孜州丹巴县地质灾害详细调查报告，通过对工作区自然地理条件、区域环境地质背景、地质灾害分布、地质灾害发育规律等综合研究，取得对该区域地质灾害易发性、地质灾害危险性客观科学的分析，并提出地质灾害防治规划、地质灾害避让搬迁、地质灾害工程治理等合理建议。  本次丹巴县地质灾害详细调查主要采取的工作手段如下：  1、遥感解译  2、地质灾害测量  3、1/2千地质剖面测量  4、典型灾害点工程地质勘查  本次详查共完成全县1:50000调查测绘，测绘面积5649平方公里，其中重点调查区面积373.71平方公里，一般调查区面积1322.27平方公里，概查区面积3953.02平方公里；共调查各类地质灾害点751处，地质环境点315处；完成全县1:50000遥感解译面积5649平方公里，完成重点场镇及典型小流域1:10000遥感解译130平方公里，解译地质灾害142点，不良地质现象28处；完成巴底乡、梭坡乡、半扇门乡、章谷镇等4处重点地段1:10000调查测绘面积63.5平方公里；完成半扇门乡梅龙沟典型小流域综合调查测绘，面积66.5平方公里；完成城门包包不稳定斜坡、五里牌新区安心工程后山滑坡、尼姑庙崩塌、水卡子沟泥石流等典型灾害点勘查及重点场镇、典型小流域勘查等，共完成物探解译剖面2.04公里，1：2000剖面9.915公里/16条、钻探施工510.2米/22孔、浅井100.5米/19口、探槽100.2米/9条、水样6件，岩土样共34组；完成全县已实施治理工程复核50处，完成汛期指导（3人）、四川省地质环境地质灾害基础数据库数据录入等工作，全部或超额完成了投标及设计书所有工作量，质量符合相关规范及技术要求，可满足详查需求。  丹巴县全县共调查地质灾害点751处，分布的平均密度为13.3处/100平方公里，其中有65处因无威胁、或搬迁治理等，建议取消。目前存在安全隐患的地质灾害隐患点有686处，其中，滑坡共272处，占总数的39.65%，崩塌147处，占总数的21.43%，泥石流235处，占总数的34.25%，不稳定斜坡32处，占总数的4.67%。
“4.20”芦山强烈地震灾区成都市邛崃市1/5万地质灾害详细调查报告,根据川国土资办发[2014]74号文，四川省地质矿产勘查开发局四0五地质队承担类“4.20“芦山强烈地震灾区成都市邛崃 市1:5万地质灾害详细调查项目。邛崃市位于四川省西部、成都市西南部，面积1384.43平方公里，辖区24个乡镇，65.1万余人。   本次详查共完成全市1:50000调查测绘，测绘面积1384.43km2，其中重点调查区面积900.83km2，一般调查区面积483.6km2，共调查各类地质灾害点657处，地质环境点180处；完成高何镇、天台山镇、夹关镇等19处重点地段1:10000调查测绘，调查测绘面积89.9km2；完成全县1:50000遥感解译，解译面积1384.43km2，完成重点地段1:10000遥感解译65.6km2，解译地质灾害点、环境点315处；完成邛崃市火井镇兴福村下王山滑坡、夹关镇王店村1组郑继英房后不稳定斜坡、砖桥村4组大菜园不稳定斜坡、南宝乡金甲村8组石厂岩崩塌、王家村3、4组铁炉沟潜在泥石流等5处典型点勘查；完成典型斜坡、岩土体结构实测剖面14.9km/31条；完成全县已实施11处重大治理工程及73处排危除险工程有效性复核等工作，全部或超额完成了投标及设计书所有工作量，质量复核相关规范及技术要求，可满足详查需求。  邛崃市全市共发育地质灾害点657处，通过详查核实建议实施地质灾害点销号的点位41处，确认邛崃市现有地质灾害点数为616处，其分布的平均密度为44.5处/100km2，地质灾害类型主要为滑坡、崩塌（危岩）、不稳定斜坡、泥石流、地面塌陷等五种灾害类型。其中滑坡共348处，占总数的56.5%，崩塌148处，占总数的24.0%，不稳定斜坡107处，占总数的17.4%，泥石流10处，占总数的1.6%，地面塌陷3处，占总数的0.5%。地质灾害规模主要以中、小型为主，其中小型584处，占总数94.2％，中型34处，占害总数5.5％，大型3处，占总数0.3％，无特大型灾害点。
县（市）地质灾害调查与区划地质灾害信息系统使用说明,《县（市）地质灾害调查与区划--地质灾害信息系统建设》项目由四川省地质矿产勘查开发局九一五水文地质工程地质队承担。目标是开发一个科学的管理地质灾害信息的系统，系统要做到图形数据和属性数据一体化，操作简便、快捷，充分发挥GIS 的空间信息管理的优势，能为领导决策提供依据。取得的主要成果：开发了一套适用于地质灾害调查信息采集的软件工具系统。从地质灾害空间数据库建设的角度出发，充分发挥地理信息系统、数据库和图形处理技术对地质灾害及其空间属性信息处理的优势，与专业紧密结合。在县市地质灾害调查基本要求(试行）的指导下，参考地质行业名词术语以及相关信息标准，建立了内容较为齐全的地质灾害空间数据看项目标准体系；系统在MapGis开发库的支持下，使用面象目标的C++语言开发，实现了数据采集、图形检索、图形裁剪、信息输出、数据库维护、行政管理，多媒体文件显示等功能于一体的软件系统。可作为现阶段县（市）地质灾害调查与区划项目使用的软件系统。
四川省甘孜州九龙县地质灾害详细调查成果报告,受“5.12”汶川特大地震、“4.20”芦山强烈地震、“11.12”康定地震及频发极端天气、不合理人类工程活动等影响，四川省境内山区地质环境条件变得更加脆弱，诱发新增了大量崩塌、滑坡、泥石流、不稳定斜坡等次生地质灾害，原有地质灾害隐患点绝大部分出现变形加剧、险情加重趋势，严重危害人民群众生命财产安全，制约着社会经济可持续发展。在此背景下，本次详查在充分收集已有资料的基础上，以遥感解译、地面调查、测绘和工程勘查为主要手段，开展九龙县滑坡、崩塌、泥石流等地质灾害详细调查，基本查明县境内地质灾害及其隐患发育特征、分布规律以及形成的地质环境条件，并对其危害程度进行评价，划分地质灾害易发区和危险区，建立健全群测群防网络，建立地质灾害信息系统，为减灾防灾和制定区域防灾规划提供基础地质依据。本次详查完成了全县1:50000调查测绘面积6770km2，其中重点调查区面积477km2，一般调查区面积1092.5km2；调查了各类地质灾害点440处、地质环境点404处；完成全县1:50000遥感解译面积6770km2，完成重点场镇及典型小流域1:10000遥感解译100km2，解译地质灾害109处，不良地质现象28处；完成呷尔镇、汤古乡、乌拉溪乡、乃渠乡等9处重点地段1:10000调查测绘面积79.5km2；完成魁多乡江郎沟典型小流域综合调查测绘，面积20.5km2；完成洛莫滑坡、木枯沟泥石流、下火山泥石流、下中排滑坡、硫磺崖子崩塌等典型灾害点勘查及重点场镇、典型小流域勘查等，共完成物探解译剖面2.04km，1：2000剖面31.8km/26条、钻探施工609.2m/21孔、浅井101.8m/34口、水样8件，岩土样共30组；完成全县已实施治理工程复核8处，完成汛期指导、四川省地质环境地质灾害基础数据库数据录入等工作，全部或超额完成了投标及设计书所有工作量，质量符合相关规范及技术要求，可满足详查需求。
云南省盐津县地质灾害调查与区划报告,"<云南省盐津县地质灾害调查与区划>项目由云南省地质环境监测总站完成。目标任务:通过系统开展盐津县地质灾害调查，查明全县地质灾害隐患，划出地质灾害易发区，建立地质灾害信息系统，建立健全群专结合的群测群防网络，为地方政府有计划地开展地质灾害防治提供科学依据，以减少地质灾害给当地人民生命财产及经济发展造成的损失。盐津县位于云南省东北部与四川省交界处，县辖3个镇9个乡，84个行政村，2573个村民小组。完成的工作量:地质灾害调查2091km2,调查路线4450km,建立滑坡档案157个,建立泥石流档案15条。主要成果:阐述了区内的地理地质特征，详细论述了盐津县地质灾害类型、空间分布规律、发育特征及危害程度。对地质灾害的形成原因及影响因素进行了分析。应用数学分析技术，在单元综合叠加评价基础上，运用数值化结果计算机自动分类，进行了易发程度分区，将区内地质灾害易发性划分为地质灾害高易发区、地质灾害中易发区、地质灾害低易发区。全面地反映了区内地质灾害的防治、规划措施，对重要地质灾害隐患点提出了防灾预案建议。对各类地质灾害的经济损失进行了合理评估。建立的盐津县地质灾害信息系统，为盐津县地质灾害的动态管理，查询，统计、分析，减灾、防灾措施制定，生态环境治理、政府规划决策提供了快速手段。"
特大型突发地质灾害调查评价成果报告,本项目综合采用地面调查、无人机遥感调查、三维激光扫描、GPS、室内试验、原位试验、室内数值模拟等多种技术方法，平战结合，按照设计书开展工作。开展了贵州省贵阳市云岩区“5?20”海马冲滑坡灾害、陕西省山阳县“8.12”山体滑坡灾害和广东深圳光明新区渣土受纳场“12?20” 特别重大滑坡事故等重大灾害事件应急调查，完成应急响应技术支撑任务。完成了四川省峨眉山市王山-抓口寺滑坡灾害避险案例补充调查、辽宁省抚顺市西露天矿南帮滑坡险情的跟踪观测，以及300km2典型区域补充调查研究，包括汶川地震灾区三溪村区域、四川丹巴县东谷乡二卡子沟流域、尼泊尔地震影响区西藏定日县萨嘎沟流域等。为开展避险技术方法、应急治理工程效果评估和高寒山区应急排查技术方法等研究，进行原始积累。收集整理了2015年度全国重大地质灾害应急案例27个，初步进行了全国突发地质灾害应急案例库系统的研发设计。在上述工作的基础上，编制完成了2015年重大地质灾害分布图1张，2015年典型地质灾害图集1套。在该项目支持下，项目组参加了国家综合减灾论坛，提交了学术论文《突发地质灾害应急基本情景》，并做了《我国突发地质灾害趋势与应急产业发展建议》专题学术报告；为陕西省地质灾害应急抢险队做了题为“突发地质灾害应急防治技术”的培训（200人次）。完成了项目各项考核指标。需要说明的是，由于项目原设计三年周期，未能按照计划开展2016-2017年工作，在应急处置技术方法总结、案例库研发、应急手册编制等诸多方面成果还只是初步的。
四川省2015年阿坝州九寨沟县地质灾害详细调查成果报告,本次九寨沟县地质灾害详查范围包括九寨沟县所辖行政区内所有区域，坐标东经103°27′-104°26′，北纬32°53′-33°43′之间，详查面积5286km2。本次地质灾害详细调查在资料收集、遥感解译基础上，采用地质调查测绘，线路穿越调查、典型点勘查解剖等手段，初步查明人类工程活动遇到的和可能诱发的各种主要地质灾害、特殊不良地质环境条件和环境地质问题的发育特征和分布规律，做出现状评价和发展趋势预测，提出防治或适应对策建议。九寨沟县地处四川省西部地槽区岷山山脉北段的复背斜上，其西、北、南三面均有明显的断裂带，构成复杂，属新构造运动强烈区，由一系列复背斜或复向斜构成，形成了一系列北东向和南北向的构造体系。该区位于秦岭东西向构造带南缘，松潘－甘孜褶皱系东侧，南与龙门山北东向构造带相邻，三级不同方向构造线形成向南凸出的弧形弯曲，而九寨县城即处在构造线弯曲的顶端，并主要受南北向构造断裂控制。区内构造总体上表现为一倾向北，形成较复杂的复向斜构造；九寨沟县地处青藏高原与四川盆地的大地貌单元过渡的深切割高山峡谷地带，境内山脉纵横，峰峦重叠，相对高差悬殊，形成以高山深切河谷为主的地貌类型，地貌上以高山为主，兼有部分山原和零散平坝，地貌类型复杂多样，临空条件较好。总之，九寨沟县境内地质环境条件复杂，人类工程活动强烈，地质灾害发育，危害较为严重。九寨沟县共育有地质灾害点403处，其分布的平均密度为7.6处/100km2处，其中泥石流189处，占总数的46.9%，不稳定斜坡34处，占总数的8.4%，崩塌116处，占总数的28.8%，滑坡64处，占总数的15.9%。共威胁6686户28436人。九寨沟县地质环境条件、地质灾害发育分布特征、人类工程经程度、危险性等进行了地质灾害易性发分区与危险性评价，将九寨沟县划分为地质灾害高、中、低3个易发区15个亚区，其中高易发区面积617.1km2、中易发区面积2028.2km2、低易发区面积2640.7km2；将九寨沟县划分为危险性大、中、小3个分区及17个亚区，其中危险性大区面积624.5km2、危险性中等区面积974.7km2、危险性小区面积3686.8 km2。根据地质灾害易发程度、危险性及经济活动等，进行了九寨沟县地质灾害防治区划，其中重点防治区面积315.1km2、次重点防治区面积171.1km2、一般防治区面积4799.8km2。对全县403处地质灾害隐患点均需加强群测群防工作，其中建议对40处采取工程治理措施、27处采取排危除险措施、13处采取搬迁避让措施。建立了九寨沟县1:50000地质灾害详查信息系统及四川省地质灾害易发区群众防灾避险搬迁安置工程调查与区划空间信息系统。
云南省水富县1/5万地质灾害详细调查报告,云南省水富县位于滇东北北部，地处云贵高原与四川盆地边缘结合地带。受地质环境和人类工程活动的双重影响，该地区滑坡、崩塌、泥石流等地质灾害呈逐年上升的趋势。根据云南省国土资源厅2013年1:5万地质灾害详细调查的有关要求，云南省地质调查局以公开招标方式选定项目承担单位。经云南省公共资源交易中心组织专家委员会评定，四川省地质工程集团公司为水富县1:5万地质灾害详细调查（第五标段）中标单位，承担并完成了《云南省水富县地质灾害详细调查报告》。该报告分为第一至八章、主要参考文献，全文11万余字，附图6张，附件7套（册）。  第一章/序言：介绍了项目的任务，自然地理及社会经济概况，环境地质问题与地质灾害，以往调查工作程度，工作基本过程和质量评述。  第二章/地质环境条件：主要介绍了地形地貌、气象水文、地层岩性、地质构造、新构造运动与地震、地质-水文地质概况及人类工程经济活动。  第三章/地质灾害特征：介绍了地质灾害的类型、发育特征及其分布规律。  第四章/专题论述：典型地质灾害剖析和金沙江及横江干流岸坡稳定性分析评价。选择调查区5处重大的滑坡、2处重大的泥石流和4处重大的崩塌，分别剖析了其发育特征和形成机理；对境内横江流域及干流岸坡进行了类型划分，并按照岸坡稳定性评价方法对区内的55个岸坡类型段逐段进行稳定性计算，为水电开发和其它工程建设提供了一定的参考。  第五章/地质灾害区划与分区评价：从地质灾害易发程度与危险程度两个方面，做出区划及评价。  第六章/地质灾害防治规划建议：对现有的地质灾害监测预警工作的评述，总计经验，指出问题，根据需求并对气象预警区划，对已经实施搬迁和治理工程的情况进行评述，根据调查结果，核实搬迁和工程治理隐患点，提出调整建议，提出地质灾害防灾预案及防治规划建议。  第七章/地质灾害信息系统：介绍了地质灾害数据库与信息系统的工作方法及流程、对入库数据格式、图层投影方式等情况的说明。  第八章/结论：总结水富县地质灾害发育规律及形成的地质环境条件、易发区和危险区及横江流域及干流岸坡的稳定性，指出工作中存在的问题，提出以后工作的建议。
“4.20”芦山强烈地震灾区雅安市汉源县地质灾害详细调查报告：一二册,“4.20”芦山强烈地震灾区雅安市汉源县地质灾害详细调查报告对地质环境条件、地质灾害现状、地质灾害类型及发育特征、分布规律、灾情、险性、预防措施等进行了系统全面的论述与总结，建立了地质灾害数据库和信息系统，并进行了汉源县地质灾害易发性、危险性分区评价，进行了单斜顺向斜坡专题研究，进行了人口聚居点、移民安置点、中小学校、重要交通道路及水库库周的安全性、危险性评价等工作，并提出了防灾预案及防治规划建议。通过本次调查，汉源县境内现发育有地质灾害隐患点427处，其中滑坡共有339处，崩塌38处，泥石流41处，不稳定斜坡4处，地面塌陷4处，地震裂缝1处。地质灾害已经造成了5915.6万元的直接经济损失，300余人死亡。现427处地质灾害隐患点尚威胁着财产99452万元，威胁和影响人数达27794人。根据《滑坡崩塌泥石流灾害调查规范（1:50000）》（DD2008-2，中国地质调查局）结合《四川省地质灾害易发区防灾避险搬迁安置工程调查与区划技术要求（试行）》以及《1:50000地质灾害调查信息化成果技术要求》（2010版），结合汉源县的地质环境条件和地质灾害现状，采用遥感解译、地质调查、勘查等方法，对全县进行全面系统地调查，利用多种方式进行地质灾害防灾避险知识培训。
四川省2016年巴中市南江县地质灾害详细调查成果报告,南江县位于四川盆地北缘米仓山南麓，其地理坐标为东经106°27′～107°08′，北纬31°53′～32°45′。南江县面积3383km2，下辖48个乡(镇)，522个行政村，2411个村民小组，总人口约71万人。南江县位于四川盆地北缘米仓山南麓，属秦岭地槽与四川地台间斜的过渡区，地势北高南低，斜坡山地为主，地貌形态可大致分为中深切割侵蚀—构造中山地形和浅、中切割剥蚀（侵蚀）—构造中低山地形两个大类。地质灾害发育区地层主要为千佛岩组（J2q）、侏罗系沙溪庙组（J2s）、遂宁组（J2sn）、蓬莱镇组（J3p）及白垩系白龙组（K1b）与苍溪组（K1c）和第四系地层等。县域内主要的断裂构造为滥柴坝断裂，主要的褶皱构造有中子山复向斜、上两复背斜、过马滩向斜、沙滩背斜、新华向斜与龙凤场背斜，构造运动方式主要表现为褶皱构造运动，主要构造线方向为东—西向至北东东—南西西向，褶皱构造强度随所在构造位置不同而不同。本次详调查工作采用资料收集、遥感解译、地面调查、钻探、物探、探井（槽）、地形测量、室内测试等多种手段，完成调查区面积3383km2，其中1:1万重点调查区面积70km2、1:5万重点调查区面积608.94km2、1:5万一般调查区面积2097.46km2、1:5万概查区面积676.6km2、调查地灾隐患点1274处、地质环境点250处。完成1:1万遥感解译面积70km2、1:5万遥感解译面积3383km2、解译地质灾害点120处、地质环境点250处。完成原有地质灾害隐患点复核1250处，新增地质灾害隐患点调查25处，取消地质灾害隐患点301处，合并2处为1处，经核减后地灾隐患点为973处；完成1:1000地形图测量1.6km2、1:1000工程地质测绘1.6km2、工程地质剖面测绘4.4km、物探1.17km、井探140m、钻探516m、土工试验18组、岩石试验15组、水质分析5组；完成了重点场镇2处1:1万地质灾害调查（测绘）；完成关门乡刘家河和关坝乡周家沟小流域调查；完成工程治理、应急排危有效性调查评价215处；地质灾害隐患点搬迁安置调查974户，搬迁选址调查36处；建立或完善防灾预案973份、防灾明白卡973份、避险明白卡9097份；完成1:5万地质灾害详细调查信息系统、四川省地质灾害易发区群众防灾避险搬迁安置工程调查与区划空间信息系统各1套；完成详查报告正文1份、附件19份、附表8份、附图81份。对南江镇、东榆镇二个重点场镇进行了综合调查，查明区内地质灾害分布、发育特征、危害情况，划定了危险区和危害对象，评估危险性，并提出有针对性防治措施建议，对其余48个乡镇的场镇均开展了地质灾害测绘，进行了危险程度分区。对南江县已实施的215处地质灾害治理工程和地质灾害应急排危工程进行了复核评价，其中有效性好211处，有效性一般4处，根据安全性评估分级标准，安全为211处，基本安全为4处。开展了南江县地质灾害易发程度分区评价、危险性评价，根据定量和定性划分结果，并结合实际情况将宣汉县划分为地质灾害高易发区（314km2）、地质灾害中易发区（622km2）、地质灾害低易发区（1756km2）等三个大区9个亚区，根据地质灾害
横江镇H48E021010 1/5万地质图说明书,"《横江镇幅1/5万区域地质调查》项目由四川省地质矿产勘查开发局完成。目的是旨在提高该区沉积地层的研究程度，同时为建设部门提供区内工程、水文、环境地质的基础依据。测区跨川、滇两省，分属四川省宜宾县、屏山县、高县，云南省昭通地区水富县及缓江县。完成的工作量:填图面积451.77km2,地质点606个,路线长度500km,1:5千剖面测量13.81km,样品16件,钻探3363.34m,坑探714.99m。主要取得的成果：查明各组的界线、岩石及组合、厚度、延性、基本层序及含矿性、工程物理力学特征。结合前人资料于须家河组和沙溪庙组中建立起两个生物组合带，进行岩石地层，生物地层和年代地层的划分和对比。以海相地层和陆相地层的界面划分1个Ⅰ级层序，以陆相红层河流冲刷面的间断面划分出6个Ⅱ级层序，以湖相低水位体系域，湖侵体系域，高水位体系域为分界面，划出16个Ⅲ级层序界面。作出序地层和岩地层划分和对比，提高了地层研究程度。查明了测区内褶皱、断裂和节理的分布，规模和序次。对喜马拉雅期构造活动在区内表现作出初步分析。对区内红层盆地发展史进行较深入阐述。深入开展1:1万环境地质、水文地质、工程地质调查，查明了工程地质岩组主要物理力学性质。根据地貌类型，地质灾害发育程度、区域环境质量，划分出三个工程地质分区。对地质灾害体调查，圈出28个滑坡体，8个崩塌体，基本查明地质灾害体分布，规模，为确保人民生命财产安全，地质灾害体治理，大型工程施工提供了详实第一性资料。 进行农业地质调查，将区内土壤分为4大类，8亚类，18个土属。调查了土壤养分含量，作出了土壤农作物适宜性分析。进行旅游资源调查，以地质内容为背景，刻化了石城山风景区，园通寺风景区和水富县滩坝地热泉，为成片规划向家坝电站风景区提供了可决策的资料。"
云南省楚雄市地质灾害详细调查报告,根据云南省国土资源厅2015年1:5万地质灾害详细调查的有关要求，经云南省公共资源交易中心组织专家委员会评标确定四川省地质工程集团公司为云南省楚雄市1:5万地质灾害详细调查（第七标段）中标单位，承担并完成了《云南省楚雄市地质灾害详细调查报告》。该报告分为第一至八章、主要参考文献，全文15万余字，附图12张，附件7套（册）。第一章/序言：介绍了项目的任务，自然地理及社会经济概况，环境地质问题与地质灾害，以往调查工作程度，工作基本过程和质量评述。第二章/地质环境条件：主要介绍了地形地貌、气象水文、地层岩性、地质构造、新构造运动与地震、地质-水文地质概况及人类工程经济活动。第三章/地质灾害特征：介绍了地质灾害的类型、发育特征及其分布规律、地质灾害诱发因素、地质灾害造成危害与影响。第四章/专题论述：典型地质灾害剖析和重要场镇及交通干线地质灾害风险性评价。选择调查区6处重大的滑坡、2处重大的泥石流和1处重大的崩塌，分别剖析了其发育特征和形成机理；对重要场镇选取了三街镇和西舍路镇进行地质灾害风险性评价，重要交通干线本次风险性评价全长约220km。第五章/地质灾害区划与分区评价：从地质灾害易发程度与危险程度两个方面，做出区划及评价。第六章/地质灾害防治规划建议：对现有的地质灾害监测预警工作的评述，总计经验，指出问题，根据需求并对气象预警区划，对已经实施搬迁和治理工程的情况进行评述，根据调查结果，核实搬迁和工程治理隐患点，提出调整建议，提出地质灾害防灾预案及防治规划建议。第七章/地质灾害信息系统：介绍了地质灾害数据库与信息系统的工作方法及流程、对入库数据格式、图层投影方式等情况的说明。第八章/结论：总结楚雄市地质灾害发育规律及形成的地质环境条件、易发区、危险区及重要场镇和交通干线进行地质灾害风险性评价，指出工作中存在的问题，提出以后工作的建议。
四川省2016年阆中市1/5万地质灾害详细调查项目成果报告,阆中市位于四川盆地北部边缘，嘉陵江中游，行政上隶属于南充市管辖。地理坐标为东经105°41′～106°24′，北纬31°22′～31°51′，面积1878 km2。辖25个镇、21个乡及4个街道办事处，全市总人口86.12人，其中农业人口62.12万人，非农业人口24万人。。东接巴中、仪陇，西连剑阁，东西长55.4公里；南临南部，北靠苍溪，南北宽46.1公里，国土面积1878平方公里。阆中市距南充市132千米，距成都市约340千米。属大巴山和龙门山支脉，共有五条山系：有剑门山、盘龙山、方山、龙山、大仪山等。  “5.12”汶川特大地震、“4.20”芦山强烈地震、“11.22”康定地震及频发极端天气和不合理人类工程活动的影响，根据我省地质灾害综合防治体系建设总体方案和国土资源部川国土资办函﹝2016﹞27号。2016年，我省决定开展包括川西高原区、秦巴山区、攀西地区及一般地区壤塘县、会东县、九龙县、邻水县、通江县等41县（市）全市域的1∶50000地质灾害详细调查工作。根据本次地质灾害详细调查阆中市累计查明确定地质灾害隐患点247处，其中以滑坡数量为最多，共计219处，占地质灾害总数的88.66%；崩塌共计26处，占地质灾害总数的10.53%；不稳定斜坡2处，占地质灾害总数的0.81%；核销地质灾害隐患点118处，其中滑坡106处，崩塌12处，；新增地质灾害点隐患点21处，其中滑坡16处，崩塌5处。在阆中市地质灾害形成条件及发育规律分析基础上，将阆中地灾易发程度分区划分为高易发区（I）、中易发区（II）和低易发区（III）3个大区，10个亚区。高易发区分为2个亚区，主要分布在方山乡、老观镇、解元乡、二龙镇、石滩镇、千佛镇、西山乡、峰占乡、三庙乡、鹤峰乡、望垭镇、金子乡、凉水镇、金城乡，总面积415.68 km2，占全市总面积的22.1 %。阆中市国民经济平稳增长。2015年实现地方生产总值1788278万元，其中，第一产业增加值434261万元，第二产业增加值841673万元，第三产业增加值512344万元。通过本次调排查，共排查核实市境内46个乡镇及4个街道办事处各类地质灾害隐患点395处，取消55处，保留340处原有地质灾害点，新增地质灾害点4处，共计隐患点344处。  2016年阆中市地质灾害详查，核销原有地质灾害点118个，新增地质灾害点21个，最终确定并上报省厅备案地质灾害总数为247个。阆中市地质灾害详细调查采用的工作方法主要有资料收集、遥感解译、地质灾害调查测绘、地形测量和工程地质测绘、钻探、山地工程、测试和试验等。按照四川省国土资源厅质量管理体系文件，建立由院、公司、项目组组成的三级质量管理体系，项目负责对勘查成果质量全面负责，各专业组长对各自承担的专业工作成果质量负责，备案完善。
岷江上游生态环境地质调查工作小结：专题研究之六,<岷江上游生态环境地质调查工作小结>项目由四川省地质调查局完成。目标任务:评价岷江上游地区地质环境的控制影响作用，为生态环境建设合理布局提供地质依据；根据流域水循环特征，从水源涵养角度评价岷江上游地区地下水（尤其是浅层地下水）赋存及动态特征与生态环境质量间的影响关系，从而为建设“生态水库”，改善岷江水资源时空分布不合理和枯期水量逐年下降的状况提供水文地质依据；针对岷江上游地质灾害频发的状况，分析地质灾害对生态环境的破坏与再造的规律性，指导科学治理地质灾害；通过对该地区人类工程经济活动的调查，评价地质环境的适宜性和容许度（或量），为该地区社会经济的可持续发展提出建议。完成工作量: 实地观测记录各类调查点301个，观测路线长度750公里，实地采集水样19件。主要成果:基本查明了生态系统类型及分布以及其与地质环境的对应关系；生态环境地质问题的主要类型及其分布范围；不同类型的人类工程活动在不同地质环境条件下对生态系统的改变（改善或破坏）程度。
三峡库区长寿县地质灾害综合调查及监测预警系统建设报告,"<三峡库区长寿县地质灾害综合调查及监测预警系统建设>项目由四川省地矿局九一五水文地质工程地质队承担并完成。工作目的:查明长寿县域的地质灾害隐患点的危险性和危害性，划出长寿县域的地质灾害容易发生的区，建立地质灾害信息系统；为建立健全长寿县群专结合地质灾害监测网络,编制地质灾害防治规划，有计划有步骤地开展地质灾害防治，促进社会进步和国民经济建设发展，以及为三峡工程建设和西部大开发提供地质灾害资料依据。长寿县位于重庆市东郊，面积1415.49km2，常住人口约20万人。完成工作量：调查面积1415平方公里，调查路线4500公里，调查各类地质点239个，其中控制地质点36个，地质灾害点203个。主要成果：阐述了长寿县的地质环境条件和地质灾害的发育规律。按乡镇区划对地质灾害分布数量、类型、面积、体积进行了统计。对崩塌、滑坡分别进行了分析研究,对典型滑坡（长寿一中滑坡）和典型危岩（夹刀石危岩）进行了论述和分析研究，划分出了危险区。对203处地质灾害点逐个进行了经济损失现状评估和预评估，并按乡镇进行了综合统计。采用致灾因子综合评价法进行了地质灾害易发程度分区。在地质灾害调查的基础上，以地质灾害发生的环境地质条件、地质灾害发育现状及稳定性，结合经济发展规划进行了地质灾害防治分区。对重点防治区进行了以亚区为单位的分区论述，提出了重点防治的地质灾害点和防治对策与防治措施，编制了重大地质灾害隐患点防治规划，为长寿县地质灾害防治提供了地质依据。初步建立了库区群测群防监测网，设置一级监测点18处，二级监测点32处，三级监测点153处，部分落实了现场监测人员。编制了52处地质灾害防灾预案（其中12处重大地质灾害隐患点、40处重要地质灾害隐患点），建立了组织机构，制定了防治措施"
华蓥山地区地质灾害监测预警示范区成果报告,《华蓥山地区地质灾害监测预警示范》项目是中国地质调查局下达任务，所属计划项目为典型地质灾害监测预警与示范治理，项目编码：1212010814034，任务书编号：水［2008］03-05-06、水［2009］03-15-05、水［2010］03-19-02。项目实施单位为中国地质环境监测院，由四川省地质环境监测总站承担，广安市地质环境监测站和达州市地质环境监测站为参加单位。项目起止时间为2008年-2010年，工作周期3年，工作经费共640万元。  项目充分应用3S、计算机图像处理等新技术，利用前人资料及历年来的调查收集资料，采用区域路线调查与重点块段、专题调查相结合的方法进行综合地质灾害调查，充分总结了区域地质灾害分布发育与成灾规律；选用经济适用、自动化程度高的雨量计、伸缩仪、深部位移计、水位计等，开展以滑坡、泥石流地质灾害变形特征研究与监测、成灾机理研究与监测、地质灾害主要控制因素研究与监测，开发了基于Web-GIS的预警分析和信息发布系统，科学支持地质灾害群测群防体系建设，探索建立群专结合的华蓥山地区地质灾害监测预警示范区，逐步提高区域地质灾害监测预警技术水平，为减灾防灾提供技术支撑。  项目主要成果包括：（1）《华蓥山地区地质灾害监测预警示范区成果报告》；2、《华蓥山地区地质灾害监测预警示范单体地质灾害监测专项报告》；3、《华蓥山地区地质灾害监测预警示范专业监测数据分析图表（册）》；4、《华蓥山地区地质灾害详细调查报告》；5、《华蓥山地区典型地质灾害勘查报告》；6、《华蓥山地区地质灾害遥感综合调查报告》；7、《华蓥山地区地质灾害遥感综合调查报告》；8、《华蓥山地区地质灾害预警分析与信息发布系统专题报告》；9、《华蓥山地区地质灾害预警分析与信息发布系统说明书》；10、华蓥山地区地质灾害分布图（1/5万）；11、华蓥山地区地质灾害易发程度分区图（1/5万）；12、华蓥山地区地质灾害防治规划图（1/5万）。
云南省富民县地质灾害详细调查报告,富民县地处扬子准地台西部，位于武定-富民台拱东缘与昆明坳西缘的接合部位。在区域上，受其西部罗次大断裂、东部小江断裂和县境内的普渡河深大断裂影响，褶皱及断裂构造都较发育。受地质环境和人类工程活动的双重影响，该地区滑坡、崩塌、泥石流等地质灾害呈逐年上升的趋势。云南省国土资源厅2015年1:5万地质灾害详细调查的有关要求，云南省地质调查局以公开招标方式选定项目承担单位。经云南省公共资源交易中心组织专家委员会评定，四川省地质工程集团公司为富民县1:5万地质灾害详细调查（第二标段）中标单位，承担并完成了《云南省富民县地质灾害详细调查报告》。该报告分为第一至八章、主要参考文献，全文12万余字，附图6张，附件5套（册）。第一章/序言：介绍了项目的任务，自然地理及社会经济概况，环境地质问题与地质灾害，以往工作程度，工作基本过程和质量评述。第二章/地质环境条件：主要介绍了地形地貌、气象水文、地层岩性、地质构造、新构造运动与地震、水文地质条件、岩土工程地质特征生态资源水土流失及人类工程经济活动。第三章/地质灾害特征：介绍了地质灾害的类型、发育特征、形成条件及其分布规律。第四章/专题分析：典型地质灾害分析和典型小流域地质灾害综合评价。选择调查区5处重大的滑坡、2处重大的泥石流，分别分析了其发育特征和形成机理；对境内重要城镇区、周边工业园区及重要交通干线做了地质灾害危险性评价，为水电开发和其它工程建设提供了一定的参考。第五章/地质灾害区划与分区评价：从地质灾害易发程度与危险程度两个方面，做出区划及评价。第六章/地质灾害防治规划建议：对现有的地质灾害监测预警工作的评述，总计经验，指出问题，根据需求并对气象预警区划，对已经实施搬迁和治理工程的情况进行评述，根据调查结果，核实搬迁和工程治理隐患点，提出调整建议，提出地质灾害防灾预案及防治规划建议。第七章/地质灾害信息系统：介绍了地质灾害数据库与信息系统的工作方法及流程、对入库数据格式、图层投影方式等情况的说明。第八章/结论：总结富民县地质灾害发育规律及形成的地质环境条件、易发区和危险区，指出工作中存在的问题，提出以后工作的建议。
岷江上游1/25万生态环境地质调查报告,"<岷江上游1/25万生态环境地质调查>项目由四川省地质调查院完成。目标任务:完成岷江上游1:25万生态环境地质调查面积23000Km2；查明岷江上游的生态环境地质现状及发展趋势，提出该地区生态环境保护和建设的对策。岷江上游地区位于四川省的西北部，隶属阿坝藏族羌族自治州的汶川、茂县、理县、黑水和松潘县。完成工作量:区域生态环境地质调查面积23000平方公里, 槽探：100立方米, 岩、土、水样共112件,陆地γ测试5平方公里。主要成果:从研究地质环境条件出发，阐明了岷江上游地区生态环境地质类型和地质环境的控制作用，为生态环境建设合理布局提供地质依据；根据流域水系统特征，从水源涵养角度评价岷江上游地区地下水（尤其是浅层地下水）赋存及动态特征与生态环境质量间的影响关系，从而为建设\"
云南省永善县地质灾害详细调查成果报告,永善县位于云南省东北部，金沙江南东岸，昭通北部，隶属于昭通地区，总面积2789km2。全县辖8镇7乡142个村（居）委会2737个村民小组，全县户籍总户数145597户，462951人。县域地处金沙江下游东南岸的五莲峰山系段上，地质构造较复杂，褶皱和断裂十分发育，境内地势陡峭，沟谷纵横，地质环境脆弱，地质灾害频发，危害严重，其中以滑坡、崩塌、泥石流等地质灾害为最严重。  根据《云南省地质灾害综合防治体系建设实施方案（2013～2020年）》和《云南省地质灾害防治规划（2006－2020年）》核心要求，云南省地质调查局委托云南山重建设工程招标咨询有限公司进行代理招标，对全省部分县进行1:5万地质灾害详细调查工作。四川省煤田地质工程勘察设计研究院积极响应参与投标，并且为云南省2013年度地质灾害详细调查第七标段，永善县地质灾害详细调查工作的中标单位，中标通知书编号：DZXC2013-07，项目编码：SZZB-14F007。项目自2014年3月20日组织人员进行现场踏勘， 4月28日工作组进场，对永善县整个县境内的15个乡镇国土面积共2789km2进行1:5万比例尺的地质灾害详细调查。5月20日通过云南省地质调查局的设计评审，并根据修改意见对设计及工作安排进行了相关的调整。整体野外作业于2014年10月31日完结，11月17日通过云南省地质调查局的野外验收，于2016年1月19日通过云南省地质调查局的最终报告评审。  项目组在充分收集和利用前人调查研究成果资料的基础上，根据《滑坡崩塌泥石流灾害调查规范(1∶50000)》和相关规程、规范要求，对云南省永善县1∶5万地质灾害遥感综合调查，着重对人民生命财产安全构成潜在威胁，危及县城和附近乡镇、重要公路干线、重大水利水电工程设施、大江大河等潜在的滑坡、崩塌、泥石流等地质灾害隐患点开展了遥感解译和野外调查验证工作。本次工作，基本查明区内地质灾害及其隐患发育特征、分布规律和其形成的地质环境条件，并对其发展趋势和危害程度进行评价，划分地质灾害易发区、危险区及防治分区，在此基础上提出永善县地质灾害防治规划建议稿，建立永善县地质灾害信息系统数据库，基本完善永善县地质灾害群测群防网络，为下一步的地质灾害防治及城乡建设提供基础地质依据。
云南省易门县地质灾害详细调查报告,云南省易门县地处云南省中部，东与安宁市、晋宁县相接，南连峨山县，西和双柏县相邻，北与禄丰、安宁两县市接壤。受地质环境和人类工程活动的双重影响，该地区滑坡、崩塌、泥石流等地质灾害呈逐年上升的趋势。根据云南省国土资源厅2015年1:5万地质灾害详细调查的有关要求，云南省地质调查局以公开招标方式选定项目承担单位。经云南省公共资源交易中心组织专家委员会评定，四川省地质工程集团公司为易门县1:5万地质灾害详细调查（第三标段）中标单位，承担并完成了《云南省易门县地质灾害详细调查报告》。该报告分为第一至八章、主要参考文献，全文15万余字，附图13张，附件6套（册）。第一章/序言：介绍了项目的任务，自然地理及社会经济概况，环境地质问题与地质灾害，以往调查工作程度，工作基本过程和质量评述。第二章/地质环境条件：主要介绍了地形地貌、气象水文、地层岩性、地质构造、新构造运动与地震、地质-水文地质概况及人类工程经济活动。第三章/地质灾害特征：介绍了地质灾害的类型、发育特征及其分布规律。第四章/专题分析：典型地质灾害剖析和金沙江及横江干流岸坡稳定性分析评价。选择调查区3处典型的滑坡、2处典型的泥石流和1处典型的崩塌，分别剖析了其发育特征和形成机理；对绿汁镇、龙泉街道两个重点场镇、易门铜矿狮凤山矿区、岔河水库、省道213线易门段及低丘缓坡项目鸡公山区块等重要人类工程活动进行了地质灾害风险性评价，为易门县矿山开采、交通建设、水利水电、及城镇建设等重要工程的建设提供了一定的参考。第五章/地质灾害区划与分区评价：从地质灾害易发程度与危险程度两个方面，做出区划及评价。第六章/地质灾害防治规划建议：对现有的地质灾害监测预警工作的评述，总计经验，指出问题，根据需求并对气象预警区划，对已经实施搬迁和治理工程的情况进行评述，根据调查结果，核实搬迁和工程治理隐患点，提出调整建议，提出地质灾害防灾预案及防治规划建议。第七章/地质灾害信息系统建设：介绍了地质灾害数据库与信息系统的工作方法及流程、对入库数据格式、图层投影方式等情况的说明。第八章/结论：总结易门县地质灾害发育规律及形成的地质环境条件、易发区和危险区及重要人类工程活动建设的地质灾害风险性评价，指出工作中存在的问题，提出以后工作的建议。
黑水河流域生态环境地质重点调查工作总结：专题研究之三,<黑水河流域生态环境地质重点调查工作总结>项目由四川省地质调查院完成。目标：评价岷江上游地区地质环境的控制影响作用，为生态环境建设合理布局提供地质依据；根据流域水循环特征，从水源涵养角度评价岷江上游地区地下水（尤其是浅层地下水）赋存及动态特征与生态环境质量间的影响关系，从而为建设“生态水库”，改善岷江水资源时空分布不合理和枯期水量逐年下降的状况提供水文地质依据；针对岷江上游地质灾害频发的状况，分析地质灾害对生态环境的破坏与再造的规律性，指导科学治理地质灾害；通过对该地区人类工程经济活动的调查，评价地质环境的适宜性和容许度（或量），为该地区社会经济的可持续发展提出建议。工作区位于黑水县和茂县两个行政区。黑水河是岷江上游的一条重要支流，流域面积为4313平方公里。主要成果: 通过野外实地调查，基本查明了区内生态系统类型及分布，以及与地质环境的对应关系，查明了区内存在的主要生态环境地质问题。取得的初步成果表现在：对区内生态环境地质调查认识，新技术新方法的应用，调查成果资料三部分。
四川省2016年凉山州西昌市地质灾害详细调查项目成果报告,本次西昌市地质灾害详查范围包括西昌市所辖行政区内所有区域，坐标东经101?46?～102?25?、北纬27?32?～28?10?，南北最长约70km，东西最宽约43km，面积2655km2。本次地质灾害详细调查在资料收集、遥感解译基础上，采用地质调查测绘，线路穿越调查、典型点勘查解剖等手段，初步查明人类工程活动遇到的和可能诱发的各种主要地质灾害、特殊不良地质环境条件和环境地质问题的发育特征和分布规律，做出现状评价和发展趋势预测，提出防治或适应对策建议。通过资料收集、地质灾害调查测绘、遥感解译、线路穿越调查等综合手段调查统计，目前全市共发育地质灾害点279处，有3处重复，故本次成果统计按276处灾害点计：其中：滑坡139处，占全市灾害点总数的50.36%；泥石流灾害点113处，占全市灾害点总数的41.33%；不稳定斜坡22处，占全市灾害点总数的7.98%；崩塌2处，占全市灾害点总数的0.72%；可见西昌市地质灾害类型以滑坡、泥石流为主。分布于西昌市全市37个乡镇，共计威胁农户3377户16128人，以及景区、河道、公路交通等，威胁总资产约80757万元。威胁对象主要有分散农户、集居区、城镇基础设施、旅游景区，重要交通干线等。西昌市地质环境条件、地质灾害发育分布特征、人类工程经程度、危险性等进行了地质灾害易性发分区与危险性评价，将西昌市划分为地质灾害高、中、低、不4个易发区13个亚区，其中高易发区面积601.7km2、中易发区面积411.69km2、低易发区面积336.23km2、不易发区面积1305.38km2；将西昌市划分为危险性大、中、小3个分区，其中危险性大区面积490.35km2、危险性中等区面积556.65km2、危险性小区面积1614.22 km2。根据地质灾害易发程度、危险性及经济活动等，进行了西昌市地质灾害防治区划，其中重点防治区面积601.13km2、次重点防治区面积598.96km2、一般防治区面积1454.89km2。对全域266处地质灾害隐患点均需加强群测群防工作，其中建议对12处地质灾害点采取工程治理措施，4处地质灾害点采取排危除险措施，43处地质灾害点采取搬迁避让措施。建立了西昌市1:50000地质灾害详查信息系统及四川省地质灾害易发区群众防灾避险搬迁安置工程调查与区划空间信息系统。
四川省广安市矿山地质环境调查评价成果报告,四川省广安市矿山地质环境调查评价项目由四川省地质工程勘察院于2017年10月-12月承担。广安市位于四川省东部，东经105°56′～107°19′，北纬30°01′～30°52′，北西与南充市相邻、西与遂宁市相接，东南和重庆市相连。辖广安区、岳池县、武胜县、邻水县，华蓥市，幅员面积6344平方公里，总人口450万。本次通过资料收集、1:5万一般调查区矿山地质环境问题地面调查、1:1万重点调查区矿山地质环境问题地面调查、1:1遥感解译、样品采集与测试分析等工作手段完成了广安市境内388处矿山的地质环境调查评价。根据搜集资料与现场实地调查，总结归纳了广安市区域概况和矿产资源开发利用概况。基本查明了广安市矿山开发过程中诱发的矿山地质环境地质问题：包括土地压占与损毁、地形地貌景观影响、含水层破坏与疏干、矿山地质灾害和废水、废液、废固排放造成的水土污染等，分析了矿山地质环境问题的分布规律、影响因素、危害情况及发展趋势等，举例说明主要矿山地质环境问题。采用模糊综合判别法对各个矿山进行综合评价，根据评价结果将全市矿山地质环境影响评价划分为三个大区：Ⅰ区为影响严重区（3个），Ⅱ区为影响较严重区（1个），Ⅲ区为影响轻微区（1个），进一步将全市矿山地质环境恢复与综合治理划分出矿山地质环境重点保护区（BH）3个、预防区覆盖全市（YF）、重点治理区（Z）3个、次重点治理区（C）1个、一般治理区（1）3处，综合分析、总结了目前地质环境保护与治理现状，针对各类地质环境问题提出了具体防治防治措施和建议。
嘉陵江干流中下游主要环境地质问题调查报告,"<嘉陵江干流中下游主要环境地质问题调查>项目由四川省地质调查院承担。总体目标任务：开展嘉陵江干流中下游主要环境地质问题调查及演化趋势研究；对流域内水利水电工程梯级开发相关的主要环境地质问题进行重点评价，并提出防治对策建议。工作区包括四川省和重庆市境内的嘉陵江干流中下游地区。完成工作量:遥感解译30810.66km2,路线调查2400km2,槽探211m3,样品共33件。取得的成果:通过收集前人资料、遥感解译，结合实地调查研究，基本查明了区内环境地质条件、地质灾害、库岸稳定性等主要环境地质问题的类型、分布特征、变化趋势及影响因素。通过遥感解译及实地调查、验证，开展了生态环境分区研究，划分了生态系统类型，并对不同类型生态系统的特征及空间分布状况进行了深入地分析研究。重点调查研究了嘉陵江干流水土流失特征，查明了水土流失的类型、强度及时空变化规律，分析了水土流失的成因、主要影响因素及其危害。结合典型水库淤积调查研究，基本查明了区内主要产沙方式，计算了产沙量、输沙量和淤积量；划分了水库淤积的类型，提出了排沙清淤方式。为水电水库的建设提供了基础资料。在此基础上，进行了水土流失分区评价和趋势预测，提出了水土流失防治规划建议。针对区内主要环境地质问题及重大工程建设项目，开展了地质环境质量评价，主要包括：水土流失分区评价；地质灾害易发性分区评价；岸坡稳定性分区评价；地质环境质量分区评价；以及亭子口电站库区地质环境质量分区评价；核电站拟选厂址区地质环境质量分区评价。"
鸭嘴幅H47E023021 1/5万地质图说明书,"《鸭嘴幅1/5万区域地质调查》项目由四川省地质矿产勘查开发局攀西地质队完成。目标任务：全面清理图区内岩石地层单位，确定各岩石地层单位的界线性质，查明其厚度、岩石组合、沉积构造与变形、变质等特征。对图区的变质岩，查明变质矿物及组合，划分变质带、变质作用类型和变质相，恢复原岩，建立构造-热动力事件序列；重视以金为主的矿产资源调查。测区位于四川省凉山州木里藏族自治县。完成的工作量:填图面积453.16km2,地质路线662.13km,地质点1019个,实测剖面28.23km,测试鉴定1281件。主要地质成果:查明了测区变质地层基本特征及其变化,重新厘定了测区雅江小区与木里小区变质地层系统,并划分出志留纪—泥盆纪被动大陆边缘盆地和上叠其上的石炭纪—三叠纪陆缘裂谷盆地和陆间裂谷盆地,进而总结了后者隆升期（石炭纪）、初始扩张期（二叠纪）、最大扩张期（中三叠世）、萎缩消亡期（晚三叠世）沉积特征、演化规律及其与测区地壳运动关系。新发现测区“瓦能岩组”广泛出露，由变质海相玄武岩、次火山岩及沉积岩组成，含混杂的石炭纪和二叠纪化石，具板内裂谷环境沉积特征。查明了志留纪及二叠—三叠纪火山岩产出层位、时代、岩性-岩相、地球化学特征及形成环境，总结了火山作用规律，认为它们均具裂谷玄武岩特征。查明了测区区域变质岩的变形-变质特征，建立了区域变质作用PTt轨迹，探讨了变质作用演化规律。通过构造解析与变形-变质分析，建立了穹隆体收缩性逆冲-滑脱、构造-热隆、抬升及滞后伸展的三阶段形成演化模式及穹隆抬升轨迹。开展了矿产调查和灾害—环境地质调查，新发现岩金矿点1处、钛磁铁矿点1处、水晶矿点7处，探讨了鸭嘴地区金的成矿地质条件与富集规律；初步阐明了滑坡、泥石流、地震等地质灾害的分布、发生、发展规律，分别提出了对矿产资源开发利用和对地质灾害防治的措施。"
长江、黄河河源石渠北部地区生态地质环境研究报告,"<长江、黄河河源石渠北部地区生态地质环境研究>项目由四川省地调院完成。目标任务: 在开展基础地质调查的同时，按照图幅带专题的原则，选择测区地质灾害与生态环境进行专题调查研究，为长江上游经济可持续发展提供科学依据。测区地处青藏高原东缘长江、黄河河源地区。完成工作量: 1:25万填图15460km2, 地质路线2110.55km,测试鉴定样品122件。主要成果:研究范围主要包括高寒地区生态地质环境现状调查、南水北调西线工程建设区地质灾害现状及区域地壳稳定性调查与相关地质背景研究。通过调查发现，测区内存在大量的地质灾害，生态系统已遭受到严重的破坏。主要表现有草地鼠害、湿地干化、土地沙化及水土流失等。测区新构造活动强烈，容易诱发地质灾害的发生，主要有地震、滑坡、崩塌、撒落、冻融等，其中以潜在的地震活动对测区工程建设所造成的威胁最大。测区生态环境区地形地貌复杂，气候寒冷，灾害频繁。根据各类岩石的空间组合规律和工程地质特征，本区划分出坚硬岩组、软硬相间的次坚岩组、层状发育的软弱岩组、松软岩组四个工程地质岩组。根据构造、地貌及自然地质作用等条件，以及区域稳定性为依据，将测区划分为二个工程区：不稳定工程地质区、相对稳定工程地质区。对测区南水北调二期工程二期造成直接威胁的地质灾害有：活动断层、地震、冻土、地下水。测区下游枢纽坝修筑完成正常蓄水后，沿岸土质斜坡将会有不同程度的变形破坏。原来居于地下水位线以上的某些软弱层可能被淹没浸泡而饱水，在地下水作用下软化，改变了原斜坡的稳定性而诱发顺层滑移、崩塌，相对而言对岩质斜坡的稳定性影响相对较小。随着引水线的建筑，测区内处于大支沟沟口的堆积物，在气温骤然变高情况下，高山积雪突然融化，或暴雨时节，河谷积水突然加大，仍然具备有发生泥石流的条件，潜在发生泥石流地质灾害依然存在。"
云南省香格里拉县地质灾害详细调查成果报告,1、该项目为云南省香格里拉县地质灾害详细调查为2013年安排的项目之一。云南省地质调查局对此项目进行招标（招标编号：SZZB-14F007）并于2014年3月3日开标，我院有幸中标并签订合同（合同编号：DZXC2013-26）。据《云南省国土资源厅关于做好地质灾害详细调查工作的通知》（云国土资环[2014]16号文），云南地质工程勘察设计研究院承担了《云南省香格里拉县地质灾害详细调查》项目。  2、本次香格里拉县1：5万地质灾害详查野外以滑坡、崩塌、泥石流为主，本次调查共对区内861个灾害点建立了档案，其中滑坡417个、崩塌179个、泥石流沟263条、地面塌陷1个、地裂缝1个，搬迁避让场址点信息表3个、地质环境调查点930个、其它调查表（村庄表）797个，钻探393m，实测剖面11691m，探槽101.8m，浅井40.4m。  3、云南省香格里拉县地质灾害详细调查报告于2015年11月18日组织专家评审，评审结果为良好，香格里拉县国土局也认可本次调查的隐患点。  4、本次调查项目区域香格里拉县全县区域，香格里拉县位于我国西南边陲，云南省西北部。地处东经99°20′～100°19′，北纬26°52′～28°52′之间，东与宁浪县隔金沙江相望，南与玉龙纳西族自治县毗临，西以金沙江分界，与维西傈僳族自治县和德钦县相望，北接四川省德荣、乡城、稻城三县，国土总面积11613km2，南北纵距为218km。  5、香格里拉县属青藏高原南东缘横断山区，为三江地槽褶皱系与扬子准台地的衔接部位，总体地势为北高南低、中部高四周低。境内最高点位于西北侧的巴拉格宗雪山，海拔5545m，最低点位于洛吉乡吉函金沙江出境处，海拔1503m，相对高差达4042m。县域内平均海拔3459m，山地占全境面积的93.5%。  6、本次调查主要成果为香格里拉县云南省香格里拉县地质灾害详细调查报告1册，信息系统建设数据库一个，香格里拉县地质灾害实际材料图、区域工程地质条件图、地质灾害分布图、地质灾害易发程度分区图、地质灾害危险程度分区图、地质灾害防治规划建议图、地质灾害发育分布遥感影像图和解译图各一张，重点地段地质灾害分布图、易发程度分区图、危险程度分区图各两张（包括虎跳峡重点区、经济开发区）等。
云南省双柏县地质灾害详细调查报告,"云南省双柏县地质灾害详细调查属于云南省2015年度安排的地质灾害详查项目之一，通过公开招标（招标编号：DZXC2015-C12），由四川省地质调查院中标承担调查任务，2015年12月15日签订了项目合同书（合同编号： DZXC2015-C12）。本次双柏县地质灾害详细调查共完成1:1万遥感调查59.8km2，1:5万遥感调查4045km2；1:1万地质灾害正测59.8km2，1:5万地质灾害正测602.6km2，1:5万地质灾害草测3382.6 km2；1:2000工程地质剖面测量10.43km；1:500～1:2000典型隐患点地质测绘点20个。云南省双柏县地质灾害详细调查严格按项目工作设计及相关规范和技术要求进行,基本查清了县域地质环境条件,地质灾害数量、类型及发育规律,分析论述了地质灾害（隐患）点的分布特征、形成条件和诱发因素,对地质灾害隐患点的稳定状态、潜在危害程度进行了评价。对云南省双柏县县域进行了地质灾害易发性分区评价, 其中3个高易发区（A1、A2、A3），总面积2602.32km2，占全县国土面积的64.33%；5个中易发区（B1、B2、B3、B4、B5），总面积1442.68km2，占全县国土面积的35.67%。对云南省双柏县县域进行了地质灾害危险性分区评价,其中4个高危险区（Ⅰ1、Ⅰ2、Ⅰ3、Ⅰ4），总面积2374.80km2，占全县国土面积的58.71%；3个中危险区（Ⅱ1、Ⅱ2、Ⅱ3），总面积1126.10km2，占全县国土面积的27.84%；2个低危险区（Ⅲ1、Ⅲ2），总面积544.10km2，占全县国土面积的13.45%。在原《规划》的基础上对地质灾害防治分区进行了修订调整，其中5个重点防治区（A1、A2、A3、A4、A5），总面积1102.52km2，占全县国土面积的27.26%；1个一般防治区（B），总面积2942.48km2，占全县国土面积的72.74%。对云南省双柏县地质灾害防治规划进行了调整，以2016年为基准年，以2017～2025年为规划期，其中2017～2019年为近期，2020～2022年为中期，2023～2025年为远期。其中近期（2017～2019年）拟完成23个治理工程，搬迁避让23处；中期（2020～2022年）拟完成25个治理工程，搬迁避让19处；远期（2023～2025年）拟完成25个治理工程，搬迁避让13处。本次双柏县1:5万地质灾害详细调查以滑坡、崩塌、泥石流为主，本次调查共对区内314个灾害点建立了档案，其中滑坡调查点248个、崩塌调查点5个、泥石流沟61条，搬迁避让场址点信息表11份、地质环境调查点232个、其它调查表（村庄表、矿山）1126个，实测剖面10.34km，典型点测绘20个。"
四川省2016年阿坝州若尔盖县地质灾害详细调查成果报告,本次若尔盖县地质灾害详查范围包括若尔盖县所辖行政区内所有区域，坐标东经东经102°8′-103°36′48″，北纬33°3′12″-34°19′，面积10600km2。本次地质灾害详细调查在资料收集、遥感解译基础上，采用地质调查测绘，线路穿越调查、典型点勘查解剖等手段，初步查明人类工程活动遇到的和可能诱发的各种主要地质灾害、特殊不良地质环境条件和环境地质问题的发育特征和分布规律，做出现状评价和发展趋势预测，提出防治或适应对策建议。若尔盖县总的地形是南高北低，而东北和西北相对最低，总体海拔高程在2400-4500米之间。地形地貌上以黄河流域与长江流域分水岭为界，基本分为丘状高平原和深－中切割高中山区两大地貌单元，即西南半部为丘状高平原区，东部和东北部为构造侵蚀高中山区。县域内地层岩性和地质构造较复杂，新构造运动较强烈，地质环境条件复杂。若尔盖县共育有地质灾害点94处，其分布的平均密度为0.89处/100km2处，其中泥石流26处，占总数的27.7%，不稳定斜坡34处，占总数的36.2%，崩塌10处，占总数的10.6%，滑坡24处，占总数的25.5%。胁区内11个乡镇1155户4867人的生命财产安全，威胁资产达27712万元。若尔盖县地质环境条件、地质灾害发育分布特征、人类工程经程度、危险性等进行了地质灾害易性发分区与危险性评价，将若尔盖县划分为地质灾害高、中、低、不4个易发区7个亚区，其中高易发区面积981.76km2、中易发区面积1306.76km2、低易发区面积2973.47km2、不易发区面积5071.88km2；将若尔盖县划分为危险性大、中、小3个分区，其中危险性大区面积1003.38km2、危险性中等区面积4018.72km2、危险性小区面积4789.02 km2。根据地质灾害易发程度、危险性及经济活动等，进行了若尔盖县地质灾害防治区划，其中重点防治区面积1599.54km2、次重点防治区面积3464.645km2、一般防治区面积5269.685km2。对全域94处地质灾害隐患点均需加强群测群防工作，其中建议对19处地质灾害点采取工程治理措施，6处地质灾害点采取排危除险措施，2处地质灾害点采取搬迁避让措施。建立了若尔盖县1:50000地质灾害详查信息系统及四川省地质灾害易发区群众防灾避险搬迁安置工程调查与区划空间信息系统。
复兴镇幅H48E022001 1/5万地质图说明书,"《复兴镇幅1/5万区域地质调查》项目由四川省地质矿产勘查开发局攀西地质队完成。工作目的是提高图幅基础地质研究程度，为国民经济建设提供最新的基础地质资料。测区位于四川省西南部凉山彝族自治州冕宁县境内。完成工作量:填图面积452.47km2,地质路线625.6km,地质点998个,剖面测量34669m,测试分析2148件。主要地质成果：查明测区NNE向公鹅山穹状变形变质地质体从内向外由核部、边缘环状体、活动盖层、稳定盖层四部分组成。探讨了冕宁地区地台结晶基底的形成与演化特征，认为其发生发展于五台期，定型于中条期，并建立了演化模式，认为其定位、变形、变质主要受控于长期地幔热隆与岩浆增生活动。全面系统地解体了图区内广泛出露的晚太古—古元古代变质侵入岩及其后的冕西花岗岩等侵入岩，分解出侵入体210个，划分为34个单元或片麻岩体，归并为13个超单元或片麻岩套、5个超单元组合，探讨了岩浆演化规律及侵入机制。对安宁河流域第四纪松散堆积物进行了地质-地貌双重填图，合理划分出冲积、洪积、残积、坡积、滑积五种成因类型及相应的地貌单元。通过对三联村一带原华力西期“基性侵入岩”调查发现，其具潜火山岩相特征，从而将其合理地划归为峨眉山玄武岩组潜火山相，并恢复为一残留古火山机构；将图幅东缘原划归登相营群大热渣组上部的一套灰黑色含炭质粉砂质板岩夹变砂岩地层，合理对比厘定为九盘营组。查明了图区以公鹅山穹状背形、安宁河断裂带及南河断裂带为主的构造格架及主要构造基本特征，建立了测区地质事件演化序列。查明该区新构造运动主要表现为断裂复活、断块差异升降、走滑及地震等，并铸就了南北呈条、东西呈块的构造格局。重视了矿产及地质灾害调查，对图区108国道两侧地质灾害进行了解析，探讨了成灾地质背景，为沿线的开发与环保提供了基础资料。"
冕宁县幅H48E021001 1/5万地质图说明书,"《冕宁县幅1/5万区域地质调查》项目由四川省地质矿产勘查开发局攀西地质队完成。目的是提高图幅基础地质研究程度，为国民经济建设提供最新的基础地质资料拓宽服务领域。测区位于四川省西南部凉山彝族自治州冕宁县境内，总面积451.77平方公里。完成的工作量:填图面积451.77km2,地质路线628.56km,地质点989个,剖面测量31087.95m,测试鉴定1947件。主要成果：系统地解体了图区内出露最广的冕西花岗岩及其它侵入岩或变质侵入岩，分解出384个侵入体,归并为30个单元(或片麻岩体)、9个超单元，隶属4个超单元组合。初步查明冕西花岗岩为受扬子西缘北东向南河及金河—程海断裂带控制、华力西—印支—燕山不同时期侵位形成的复合岩基，建立了冕西花岗岩构造-岩浆演化模式。将扬子西缘南河断裂带与火炭堡子断裂带间低绿片岩相变质的震旦系—二叠系，合理厘定为一套受松潘-甘孜褶皱造山带造山作用控制、并受锦屏山陆内造山带改造而成的区域动力变质岩系，进而从变形、变质特征阐明了其变质成因特点。通过构造解析，认为南河断裂带是一华力西期以来长期活动、喜马拉雅早期定型并控制冕西花岗岩形成的复合断裂带；深入论述了安宁河断裂的多期活动与挽近活动特征，以及新构造期断裂复活、断块升降、走滑、地震等的发生、发展与演化。查明了图区两区三带一体的构造基本特征，建立了测区地质事件演化序列。系统开展了图区安宁河与南河流域第四纪松散堆积地质-地貌双重填图，合理划分出冲积、洪积、坡积、残积、冰积与沼泽堆积等六种成因类型及相应的地貌单元。进行了矿产、土地、森林、旅游资源及地质灾害等多方面调查、评价与规划，对安宁河、南河流域地质灾害成灾地质背景进行了初步探讨，为冕宁—大桥经济区资源的合理开发利用与环境保护提供了基础资料。"
“4.20”芦山强烈地震灾区甘孜州泸定县地质灾害详细调查报告,“4.20”芦山强烈地震灾区21个县（市、区）地质灾害详查招标项目通过公开招投标方式确定四川省地质调查院为“4.20”芦山强烈地震灾区甘孜州泸定县地质灾害详细调查项目承担单位。主要完成工作量：1、区域地质环境条件调查：完成1:1万重点调查区26.5km2、1:5万重点调查区1336.01 km2、1:5万次重点调查区727.07km2、1:5万一般调查区面积102.27 km2、地质环境调查点751个。2、遥感地质解译：完成1:1万遥感地质解译26.5km2、1:5万遥感地质解译2138.85 km2；解译地质灾害点220处，地质环境点100处。3、地质灾害调查测绘：完成1:1万重点调查区地质灾害测绘26.5 km2、1:5万重点调查区地质灾害测绘1336.01 km2、1:5万次重点调查区地质灾害测绘727.07km2、1:5万一般调查区地质灾害测绘102.27km2。4、已有地质灾害隐患点全面核查：完成287处原地质灾害隐患点核查，其中滑坡50处、不稳定斜坡59处、崩塌32处、泥石流146处。5、新增地质灾害隐患点调查：完成100处新增地质灾害隐患点调查，其中滑坡8处、不稳定斜坡42处、崩塌28处、泥石流32处。6、地质灾害勘查：完成1:2000地形图测量1.05 km2、1:2000工程地质测绘1.05 km2、1:2000工程地质剖面测绘8.7km、 物探2.4km（124个点）、井探70.2m、钻探200.3m、岩土测试37件，水质分析4件。7、后山斜坡稳定性调查：完成聚居区后山斜坡调查64处。8、小流域综合调查：完成小流域综合调查5条，调查面积841.6km2。9、已实施治理工程有效性评估：完成32处地质灾害治理工程有效性评估，其中，崩塌治理工程4处、滑坡治理工程4处、泥石流治理工程20处、不稳定斜坡治理工程4处。10、防灾避险搬迁安置调查：完成4处地质灾害隐患点避险搬迁安置调查，搬迁选址调查1处。11、地质灾害群测群防建设：建立或完善防灾预案271份，发放防灾工作明白卡271份、避险明白卡3176份。 取得的主要成果：1、初步查明了调查区内地质环境条件。区内褶皱、断裂构造发育，新构造运动强烈，地震频发；松散岩组，泥岩、页岩、砂岩互层等半坚硬岩组，灰岩、泥灰岩夹砂岩、泥岩坚硬-半坚硬岩组，板岩变质砂岩等半坚硬-坚硬岩组等地质灾害易发岩组分布广泛；沿大渡河及其支流河谷两岸人类工程活动强烈；地质环境条件复杂。2、对287处已有地质灾害点进行了调查复核。查明最终因已搬迁、无威胁对象、灾害点名称重复等原因消除隐患点18处，仍有269处地质灾害隐患点；调查新增100处地质灾害隐患点。综上，泸定县全域共有地质灾害隐患点379处，其中泥石流169处、不稳定斜坡97处、崩塌60处、滑坡53处，共威胁3176户19800人。3、对泸定县64处聚居区、9所学校进行了地质灾害危险性调查评价。烹坝乡冷竹关村2组G318公路内侧安置点、泸桥镇新桥村白日坝安置点等7处聚集区受地质灾害威胁，学校均未受地质灾害威胁。4、对泸定县所有场镇开展了地质灾害测绘，进行了危险程
黄龙幅I48E020008 1/5万生态地质图说明书,<黄龙幅1/5万生态地质调查>项目由四川省地质矿产勘查开发局区域地质调查队完成。目标任务:在进行基础地质调查的同时，开展生态环境地质调查研究，尽可能收集测区内水文、土壤、植被、动物、地震、气象等资料，编制系列图件，并提交高水平生态环境地质调查成果。工作区位于四川省阿坝藏族羌族自治州松潘县，面积433.05平方公里。完成工作量：填图面积433.05平方公里，填图路线717.8公里，观察点1061个，各类实测剖面17.5公里，各类岩矿标本、测试样品981件，测年样品34件。主要成果：基础地质方面:采用多重地层划分方法，对测区地层厘定了一个群级、18个组级正式岩石地层单位和6个段级非正式岩石地层单位。首次在本区白龙江群中获早志留世微古植物，在危关组中获泥盆纪孢粉化石，为上述地层的时代归属提供了确切依据；．查明了测区基性火山岩及酸性岩脉的时空分布、接触关系及岩石学、岩石化学、地球化学特征和形成时代。将测区变质岩划分为区域低温动力变质岩、气成热液变质岩、动力变质岩三种类型.建立了测区“三片三带”的构造格架，查明了区内各类地貌的形态、组合特征、物质组成、成因类型和形成时代，首次把区内地貌划分为五个小区，属新见解。生态地质环境和旅游地质方面:研究了测区岩石与土壤间元素的迁移规律，查明区内地球化学行为对环境的影响，初步查清了区内水系酸碱度及地面岩石放射性的变化特征。合理划分了测区主要土壤类型的分布，查明了土壤剖面结构物化特征，对土壤利用现状及土地资源环境特征进行了初步总结评价。对景区“三水”转换、钙华成因进行了深入的调查研究，合理划分了景区钙华体类型，指出了形成时代及演化趋势，为钙华类景点的规划与保护提供了翔实的基础资料。基本查明了测区旅游资源分布特征、数量、成因、造型和组合形式及形成时代。查明了区内地质灾害类型、成因、特征及分布状况，对景区影响较严重的地质灾害作了预测与评价.
亚丁幅H47E022018 1/5万地质图说明书,"《亚丁幅1/5万区域地质调查》项目由四川省地质矿产勘查开发局区域地质调查队完成。目的任务是深化造山带基础地质研究，为地质找矿服务。测区位于四川省甘孜藏族自治州稻城县，凉山彝族自治州木里县境。完成的工作量:填图面积452.46平方公里，地调路线744.5公里，地质观测点120983.282km,实测地层剖面26.92km,各类测试鉴定样品1080件。取得的主要成果：查明了测区地层的层序、岩性、岩相、沉积环境、接触关系等基本特征，正确划分了地层区和填图单位。建立了以义敦岛弧带、甘孜-理塘结合带（南段）为主体，内部再分为三个岩片和三个构造-地层单元。发现并论证了甘孜-理塘结合带南段西界位置，提出该结合带南段具有在古陆块基底上发展演化的两个分支裂谷特点的认识，对研究甘孜-理塘结合带南延问题和整个结合带均有重要意义。基本查明了测区变形变质特征、变质岩石类型和区域变质作用期次与类型。分别划分了中浅变质岩区、浅变质岩区的区域递进变质相带以及接触变质相带。初步建立了测区变形变质序列和区域地质事件演化进程。对测区侵入岩、火山岩的时代、分布、岩石学、岩石化学和构造环境等进行了较为详细研究，取得了较丰富的资料。对测区第四系进行了地质-地貌双重填图方法的有益尝试；注意了新构造运动表现和青藏高原隆升与环境、生态、气候变化关系的研究。开展了矿产资源、旅游资源和地质灾害的调查，发现了一批冰川山景、人文地貌等具较高价值的旅游景点，并规划出了\"
汶川地震区特大泥石流活动特征及防治效果研究报告；关庄坝幅I48E022013 1/5万地质灾害调查专题报告,为总结汶川地震灾区特大型泥石流防治经验，指导广大地震区泥石流灾害科学防治，提高防灾效益，中国地调局下达了本项目任务，由四川省地质矿产勘查开发局承担，工作起止时间2012年～2014年。项目总体目标：利用2010年“8.13”、“8.14”泥石流以来开展的地质灾害防治工作，特别是红椿沟和文家沟泥石流治理工程的成功范例，建立地震重灾区巨型泥石流的评价模式，建立治理工程有效性和安全性评价体系，为广大地震灾区泥石流防治提供技术指导。取得的主要工作成果：（1）开展了汶川地震区特大型泥石流沟形成条件、活动特征和工程治理效果调查，总结了地震区特大泥石流的成灾机理。（2）开展了汶川地震区青竹江流域关庄坝图幅1:5万地质调查测绘与遥感解译工作，总结了地质灾害形成条件及发育分布规律。（3）在全沟域地质调查测绘、无人机航拍基础上，建立了红椿沟和文家沟治理工程运行效果监测网络体系，取得了三个水文年的降雨、流量、位移等大量监测数据，在此基础上对工程约束条件下泥石流的成灾模式及防灾效果系统研究。（4）建立了工程治理效果有效性和安全性评价指标体系和评价方法。（5）总结了软基高坝、柔性排导槽、水砂分治等技术的成功经验，并在地震灾区大型泥石流治理工程设计中得到推广应用。
东风牧场幅I47E023022 1/5万地质图说明书,"<东风牧场幅1/5万区域地质调查>项目由四川省地质矿产勘查开发局承担并完成。目标任务:探索性地采用浊积扇调查方法进行制图，研究构造、地层、岩浆作用与金成矿的关系。测区位于四川省壤塘县、马尔康县,面积为435.43km2。完成工作量:填图面积435.43km2,填图路线588km,剖面测量39.27km，地质点859个，样品及测试624件。主要地质成果：初步总结了复理石区海底扇-组图填图方法体系，也可简称为海底扇填图法。其要点是：以现代地层学、沉积学为理论依据，通过浊积岩基本层序及叠置类型的系统调查，鉴别浊积岩相及其组合，划分扇系，归并扇系组。并将扇系作为最基本的填图单位和制图单位。扇系中的海底扇阶作为扇系内非正式单位。首次将联测区西康群垂向上划分为6个扇系及3个非扇沉积体系，进一步归并为2个扇系组。查明扇系界面类型为Ⅰ型、Ⅱ型层序界面或相转换界面。新发现多期次冰川堆积，查明了各期次冰碛特征及相互关系，获得了系统的孢粉资料和ESR年龄值，建立了本区第四纪冰川演化序列及末次冰期冰退序列。进行了区域低温动力变质砂岩结构带和热接触变质矿物带填图，查明了联测区主要变质带、变质相和变质作用类型及其特征。查明了测区变形构造特征，建立了联测区构造格架为一系列褶皱推覆片体组成的对冲式推覆系。进一步肯定了区域延长逾160km、宽达20km的南木达北西向左行走滑系的存在。查明了测区新构造运动特点为以高原加速隆升为基调，伴随断裂构造多期活动及向西掀斜为基本特点。建立了联测区变形序列和地质事件表，将本区中晚三叠世以来划分为前陆盆地、碰撞造山、陆内改造、高原隆升4个构造演化阶段。详细搜集了矿产、旅游资源及灾害地质资料，提出了南木达北西向左行走滑系是该区金矿化及地震等地质灾害控制性构造的新认识。"
"古蔺县幅H48E024016太平渡幅H48E024017观文幅G48E001016石宝幅G48E001017清池幅G48E002016茅坝幅G48E002017,1/5万区域地质矿产调查报告",“四川乌蒙山地区古蔺县（H48E024016）、太平渡（H48E024017）、观文（G48E001016）、石宝（G48E001017）、清池幅（G48E002016）、茅坝幅（G48E002017）等6幅区域地质矿产调查”项目系2013年中国地质调查局成都地质调查中心的招标项目。项目组在中国地调局、四川省地质矿产勘查开发局二零七地质队直接领导下，经项目组全体同志团结奋战，克服困难，全面完成了项目任务书和设计书的各项任务。项目组采用先进的地质理论和“3S”技术、数字填图技术等一系列新技术新方法。提高了该区地质矿产研究程度和定位精度。对测区内诸多基础地质问题、生态环境及矿产资源概况较前人取得了较大进展，为基础地质调查数据更新，为今后在该区进行地质研究、矿产资源开发、持续发展规划奠定了基础。项目对测区岩石地层进行了全面清理，共厘定正式组级填图单元29个，正式段级填图单元26个；非正式填图单元6个，完善了测区地层系统；采集并鉴定的化石有牙形石37属76种、珊瑚6属7种、蜓类4属13种、双壳8属12种、腕足15属11种、笔石3属1种、有孔虫7属19种；对测区海相地层进行了生物地层、层序地层等多重地层划分；基本查明了测区构造格架及主要构造形迹特征，建立了构造变形序列，探讨了地质发展简史；新发现矿（化）点16处，包括煤5处、石灰石5处、灰岩饰面石材4处、含锶泉水1处、地热水1处，初步总结了测区成矿规律；初步查明区内岩溶地区非石漠化及轻度、中度、重度等不同等级石漠化分布特征、面积。石漠化的发育除地质因素外，人为因素占主导地位；对区内滑坡、崩塌、地面塌陷等地质灾害进行了调查，总结了地质灾害的类型、发育规模及分布状况，编制了地质灾害分布图；查明工作区内旅游资源分布情况，对部分资源开展了重点调查，为地方编写了旅游地质资源调查报告，提出了旅游资源开发建议。区调成果由区域地质调查报告、相关地质图、矿产图组成，可供该地区基础地质研究、矿产资源开发及可持续发展规划及教学、科研人员参考使用。
中国地质调查局地质调查项目技术报告：专题研究十一,"<中国地质调查局地质调查项目技术报告>是《岷江上游1/25万生态环境地质调查报告》专题研究之十一。由四川省地质调查局完成。目标任务:评价岷江上游地区地质环境的控制影响作用，为生态环境建设合理布局提供地质依据；根据流域水循环特征，从水源涵养角度评价岷江上游地区地下水（尤其是浅层地下水）赋存及动态特征与生态环境质量间的影响关系，从而为建设“生态水库”，改善岷江水资源时空分布不合理和枯期水量逐年下降的状况提供水文地质依据；针对岷江上游地质灾害频发的状况，分析地质灾害对生态环境的破坏与再造的规律性，指导科学治理地质灾害；完成工作量:调查面积8000km2,观测点430个,观测路线长度900km,采集岩样10个。主要成果:从研究地质环境条件出发，较好地把握了生态地质环境的评价要素，阐明了岷江上游地区生态环境地质类型和地质环境的控制作用，为生态环境建设合理布局提供地质依据；根据流域水系统特征，从水源涵养角度评价岷江上游地区地下水（尤其是浅层地下水）赋存及动态特征与生态环境质量间的影响关系，从而为建设“生态水库”，改善岷江水资源时空分布不合理和枯期水量逐年下降的状况提供水文地质依据；针对岷江上游生态地质环境条件的特点，对调查信息进行综合分析和处理后，实现了生态地质环境综合评价和专题评价，建立了完善了评价体系和步骤，评价结果符合该区实际；通过对该地区生态地质环境的演化趋势分析，尤其是第四纪以来生态地质环境的演化过程和人类活动参与下生态地质环境的演化趋势进行了分析，评价了地质环境的适宜性和容许度（或量），为该地区社会经济的可持续发展提出建设与保护的对策建议，是岷江上游流域进行生态恢复和建设的科学依据。"
固增苗族乡幅H47E023020博科乡幅H47E024020 1/5万区域地质调查报告,"<固增苗族乡幅,博科乡幅1/5万区域地质调查>项目由四川省地质调查院承担并完成. 目标任务是：按“图幅带专题”的原则部署区调工作，通过填图建立测区岩石地层、生物地层和年代地层系统及其对应关系；开展测区以金、铜为重点的矿调，查明与有关地层、岩石的成矿专属性、控矿因素及分布规律。测区位于四川省西南部，行政区划属木里藏族自治县管辖. 面积907.02km2。主要工作量：1/5万填图907.02km2，航卫片解译907平方公里,填图路线1324公里,地质点1650个，实测地质剖面46.7公里，岩石薄片1233片，硅酸盐样分析20件，微量元素分析15件，稀土样分析15件，微体化石样214件。主要成果：系统论述了包括测区新发现的海相侏罗纪地层在内的15个岩石地层单位、19个生物地层单位、13个年代地层单位特征，并进行了沉积环境及沉积作用与盆地演化浅析。总结了测区不同时代岩浆岩地质地球化学特征，进而进行了构造岩浆环境初步探讨，划分出甘孜－理塘三叠纪裂谷、岛弧和古进纪陆内三种不同构造岩浆环境。总结了测区个类变质岩基本特征，进行了变质时期划分和变质作用初步研究。全面论述了测区各种构造形迹特征，进而划分了果洛英（甘孜－理塘结合带）构造组合、木里推覆构造组合、瓦厂走滑构造组合；总结了构造作用与区域地壳运动关系，追溯了测区从扬子陆块→裂离→成洋→汇聚→造山→成盆→陆内改造成山的发展历史。总结了测区矿产、旅游资源特征，探讨了地质灾害特征和构造活动关系。可供地质矿产调查、基础地质研究工作参考，尤其是海相侏罗纪地层的研究和甘孜－理塘结合带的厘定，对区域基础地质研究有着十分重要意义。"
康定县幅H47C002004 1/25万区域地质调查报告,"<康定县幅1/25万区域地质调查>项目由四川省地质调查院承担并完成。目标任务: 全面清理测区震旦系--三叠系地层系统，进行以岩石地层为主的多重地层划分，建立地质体的时空分布构架和地层系统，系统开展测区构造调查与构造解析工作，正确划分构造阶段与构造体制。建立测区的构造变形及地质事件演化序列；调查测区三叠系复理石盆地的形成、演化，广泛收集与沉积环境有关的沉积构造、生物、古流向等方面的资料。着重查明其沉积环境及沉积过程；查明区内岩浆岩的空间分布特征、岩石类型、岩石化学、岩石地球化学特征及形成时代、构造背景；测区位于青藏高原南东缘，隶属四川省甘孜藏族自治州康定、雅江、道孚、新龙、理塘及丹巴县。完成的工作量: 1:25万填图面积15964km2,剖面测量153.55km,地质调查路线2186.3km。主要成果:全面清理了测区震旦系--三叠系地层系统，进行以岩石地层为主的多重地层划分，并建立了研究区地质体的时空分布构架和地层系统；系统开展测区构造调查与构造解析工作，正确划分研究区的构造阶段与构造体制。从而建立了测区的构造变形及地质事件演化序列；广泛收集了与沉积环境有关的沉积构造、生物、古流向等方面的资料。着重查明其沉积环境及沉积过程，查明了测区三叠系复理石盆地的形成、演化特征；查明了区内岩浆岩的空间分布特征、岩石类型、岩石化学、岩石地球化学特征及形成时代、构造背景；并查明了测区内变质岩的原岩、建造类型及变形改造特点，查明了变质岩石学、矿物学、变形与变质的基本特征，划分变质类型及变质相带，建立测区变质岩的变质-变形序列；结合测区的沉积建造、岩浆作用及变质特征，重塑测区的地质演化历史。还开展了地质灾害、旅游资源及矿产工作等方面的调查，拓宽了区调工作的服务领域。"
九寨沟幅I48E017008则查哇幅I48E018008 1/5万生态地质图说明书,"《九寨沟幅、则查哇幅1/5万生态地质调查》项目由四川省地质矿产勘查开发局完成。目标任务：在调区全面开展生态地质环境调查研究,查明景区生态地质环境背景和现状；划分地质构造单元,建立地层序列和地质事件序列,全面论述造山作用过程；同时全方位收集调区内水文、环境、化探、土壤、动植物、地震、旅游、气象等资料,编制系列图件,综合研究高山生态系统的结构、类型及演变,阐明喜马拉雅山运动以来高原隆升对高山生态系统的影响；对九寨沟景区的进一步开发及保护提供科学依据和措施。测区位于四川省阿坝州九寨沟县。完成工作量:地质填图862.14km2,观测路线1359.8km,观测点1869个,剖面测制30.937km,测试鉴定1925件。主要成果:查明了调区的区域地质背景,阐明了地质作用与成景作用的关系,总结了区域构造演化特征和各事件的地质规律,重塑了造山作用过程和九寨沟自然资源的演化历程。查明了区内水文和水文地质条件、水化学特征、水循环系统的规律和动态变化特征,进而对水环境质量进行了评价。通过土壤地质调查,查明了九寨沟的土壤类型、分布规律、理化特征和土地利用情况。在土壤类型划分的基础上,查明了土壤中对人体和植物的有益有害元素含量、分布状况及其来源。基本查清了调区旅游地质资源分布特征、数量、成因、造型和组合形式,形成时代。对旅游景观进行了较系统的分类,划分出三级10个小景区,继而作了初步的评价和功能描述。新发现四个极具开发价值的景区和新增5条徒步探险或生态旅游路线,丰富了九寨沟风景区的内容。查明了调区地质灾害类型、数量、形态、范围、物质组成、活动性质及程度,以及地质灾害的发生原因和趋势。圈定出九道拐、彭丰—店房坝、悬泉、下季节海等四处重灾区,并提出了治理和预防的措施和建议。结合调区的地质生态条件,首次把调区划分为九寨沟稳定地质生态组合区、沙坝弱稳定地质生态组合区和塔藏活动地质生态组合区。建立了九寨沟风景名胜区地理信息系统(GIS)，为九寨沟景区的规划、管理、保护及合理开发利用提供了系统、翔实的科学决策依据。首次填绘出古火山机构和同堆积期的坠入外来岩块，并以此为重要判据厘定了\"
紫坪铺水利枢纽工程生态地质专题调查小结：专题研究之八,"<紫坪铺水利枢纽工程生态地质专题调查>项目由四川省地质调查局完成。目标任务:评价岷江上游地区地质环境的控制影响作用，为生态环境建设合理布局提供地质依据；根据流域水循环特征，从水源涵养角度评价岷江上游地区地下水（尤其是浅层地下水）赋存及动态特征与生态环境质量间的影响关系，从而为建设“生态水库”，改善岷江水资源时空分布不合理和枯期水量逐年下降的状况提供水文地质依据；紫坪铺水利枢纽工程位于岷江上游的下段，属成都市宝瓶口管辖。紫坪铺水利枢纽工程是一项防洪兼发电的大型水利工程, 工程影响范围区内的生态地质条件也无疑会发生较大变化。主要成果:专题报告详细阐述了调查区生态环境现状,从退化型森林生态类型, 农业生态类型,人居生态类型以及地质灾害和水土流失和水资源的分配不均的加剧等方面阐述了调查区生态环境现状。分析了调查区的地质条件,提出区内地质灾害的发育主要受地形、岩性、构造和降雨等因素控制，对生态环境有显著影响的有崩塌、滑坡和泥石流。查明了调查区水文地质条件,提出调查区地下水按埋藏条件可分为第四系孔隙水、基岩裂隙水和溶蚀孔隙水。第四系孔隙水主要赋存于冲洪积扇、阶地及冰水堆积台地的砂砾卵石层中，在区内分布不连续；基岩裂隙水主要赋存于T3xj砂页岩中；溶蚀孔洞孔隙水主要赋存于飞来峰C+P灰岩中，多有溶洞及溶隙将含水层内地下水连通，经调查，飞来峰龙溪河一侧发育三层溶洞高程分别在870、810、780m。从水文条件的改变, 工程施工的影响, 水库运行的影响方面阐述了对区内生态地质环境影响巨大。"
莫格通幅H47E021017 1/5万地质图说明书,"《莫格通幅1/5万区域地质调查》项目由四川省地质矿产勘查开发局区域地质调查队完成。目的任务是深化造山带基础地质研究，为地质找矿服务。图幅位于四川省稻城县，乡城县。完成的工作量:填图面积451.77km2,调查路线552.5km,地质观测点847个,剖面测量50.691km,测试鉴定707件。取得的主要成果：查明了测区地层岩性、岩相、基本层序、地层序列、接触关系、变形特征及所含生物化石特征。填绘典型基本层序组合类型单位的地质体2类52个，划分测区的喇嘛垭组为三个岩石地层段，识别出层序界面1个，划分出2个层序3个体系域。为类复理石—磨拉石分布区填图摸索出了一种行之有效的填图工作方法。查明了测区分布仅1km2的早堆花岗岩体的岩石学、岩石化学、地球化学特征。查明了侵入体与围岩的接触关系。根据区域对比确立为早堆独立单元。查明了测区主要变质作用类型与岩石特征、特征变质矿物组合、进行了变质相带划分。确立广泛分布的区域低温动力变质岩属极低程度变质的粘土杂基蚀变带；划分接触变质岩为黑云母角岩带。并对变质作用与构造变形的关系、变质作用期次、变质事件了初步的归纳总结。查明了测区变形构造群落构成类型、形态、规模、产状、性质、空间分布规律和生成序次，从而建立了测区区域构造格架。以不同时空的构造群落共生组合间包容、改造、交切关系为据，建立了测区构造变形演化序列；并进行了必要的运动学和动力学分析。根据构造活动、岩浆作用、变质作用、成矿作用的关系，建立了测区区域地质事件表演化表，合理地划分测区地壳演化与地质发展历程为2个旋回3个阶段。对测区的矿产资源，旅游资源及地质灾害状况进行了较全面的调查。并从成矿规律的角度对早堆含金银铅锌矿产地的基本特征、成矿地质条件、找矿前景与标志进行了初步总结。"
湾坝幅H48E018001 1/5万地质图说明书,"<湾坝幅1/5万区域地质调查>项目由四川省地质矿产勘查开发局完成。目标任务:通过填图,解决有关造山带形成演化的一些基础地质问题,同时开展以金为重点的矿产资源调查。测区属四川省石棉县、冕宁县、九龙县所辖。完成工作量:填图面积450km2,路线调查602km,观察点881个,实测剖面18.59km,测试鉴定557件。主要成果:新发现晚震旦世、志留纪、二叠纪、更新世多个层位的微古植物化石,为测区地层归属及生物地层研究提供了丰富的资料。尤其是志留纪微古化石的发现，肯定了产世界首例独立碲矿床地层的层位,是本次地层工作的重要进展。以岩石地层为主,重新厘定了地层柱,并将图区地层划分为13个组级和11个段级（非正式）岩石地层单位、16个化学地层单位、5个层序地层单位、7个生物组合带、13个年代地层单位。对第四系划分出6类13种成因类型单位、3次冰期，提出晚更新世为图区古泥石流发育期。查明了图区岩浆岩的岩石学、岩石化学、地球化学等特征及成岩时代、火山喷发韵律。将图区内花岗岩分解出4个侵入体，划分归并为2个单元、1个超单元。探讨了前震旦纪—晚白垩世岩浆时空演化规律及二叠纪海、陆相火山岩的特征差异。将前人划归的三叠纪中酸性混染岩体解体为变质岩类、混合岩类、侵入岩类三部分，并建立了6个填图单元，确定其时限为蓟县纪—青白口纪。查明图区区域低温动力变质、动力热流变质、动力变质等主要变质作用及其岩石组合特征、时空分布特征；进行了变质相带划分,编制了变质（岩）略图,建立起变质作用序列；确立了图区“三带四片”的构造格架及构造发展演化模式,查明了各韧性剪切带、各岩片的变质变形特征和叠置、交切关系。新发现金银矿点1个、金矿化点3个及翠绿玉石点1个。划分出地宝洞—干海子金矿成(找)矿远景带和大水沟金矿成(找)矿远景区各1个；对区内的生态环境保护与可持续发展、旅游等资源的开发利用及地质灾害的防治等提出了建设性意见，编制了资源与环境略图，"
水磨沟幅H47E013013 1/5万区域地质调查报告,"<水磨沟幅1/5万区域地质调查>项目由四川省地质调查院承担并完成。目标任务:进行多重划分与对比研究，建立测区不同构造地层带的地层系统。划分火山岩相、喷发韵律、旋回，查明火山岩岩石学、岩石化学特征，探索岩浆演化及其与成矿的关系。查明侵入岩岩石学、岩石化学特征及接触关系类型，查明岩体形成时代，研究其与成矿作用、构造演化的关系。对区内构造性质、规模、运动学特征进行调查，划分构造单元，建立区域构造格架。测区位于四川省甘孜藏族自治州巴塘县和西藏自治区芒康县。完成工作量:地质填图446.04km2,剖面测量53.1km,路线调查462.6km,地质点667个,样品589件。主要成果: 新拟定出测区内地层系统，建立起测区内地层序列，查明6个组级、10个段级岩石地层单位的接触关系、岩性及其组合、厚度、变质程度，进行了岩石地层对比和年代地层对比。新填绘出金沙江蛇绿岩群，并根据其岩石组合划分出5个带，深入研究其物质组成、结构、构造特征，提高了金沙江缝合带的研究程度。区内划分出格聂和江达两个构造岩浆带，填绘出16个侵入体，归并为6个填图单位，建立起侵入时序和岩浆演化序列，查明其岩石学、岩石化学、稀土元素、微量元素、副矿物等特征，探讨了岩浆演化与成矿作用的关系。对中元古界雄松群、早古生代查马贡群、小坝冲组、邦归组火山岩进行了较深入调查研究，查明其岩性、岩石组合、火山岩相、韵律及旋廻，讨论了各时代火山岩形成的大地构造环境。全面调查区内变质岩的分布，划分出区域变质岩、接触变质岩、动力变质岩及气液蚀变岩四种类型。基本查明各类变质岩的矿物组合、变质相（带），进行变质期次划分和成矿作用的探讨。基本查明各类构造形迹的特征，建立起区域构造格架，建立了区内6个变形世代，论述了构造演化史。进行了经济地质资料收集和综合工作，对5处地质灾害滑坡体、泥石流、崩塌等进行调查，调查了区内金沙江大峡谷、温泉等旅游地学资源5处。"
内江市幅H48E015013 1/5万环境地质调查报告,"一、 项目概况  “四川1:5万内江市（H48E015013)环境地质调査”项目是“成渝经济区环境地质综合调查”项目工作项目之一。项目工作设计方案于2014年6月通过中国地调局西南项目办组织的审査。  2014年度工作住务书，任务书编号：水[2014]02-015-004，工作项目编码：12120114079501，工作起止年限：2014年1月-2015年12月，工作性质：资源评价，实施单位：中国地调局成都地质调査中心，承担单位：中国地调局成都地质调查中心（优选单位：四川省地质工程勘察院）。主要实物工作量：内江市幅1:5万工程地质调查440km2,工程地质钻探600m。  二、 项目总体目标  开展四川1:5万内江市幅环境地质调査，基本査明重大工程区工程地质条件和供水远景区水文地质条件，评估城市规划布局与发展、重大工程规划建设区地质安全和水资源保障程度，开展重大环境地质问题专题研宄，提出成渝经济区城市地质环境保护对策建议，建立地质环境信息系统，为城市的合理规划、科学管理、安全运营提供地学依据  三、 完成的主要实物工作量  项目承担单位已按任务书和设计书的工作量实施了野外工作，实际完成的野外实物工作量主要有内江市幅1:5万工程地质调査440km2,工程地质钻探604.8m。  四、 成果报告主要内容  1、按总体设计要求，内江市幅报告完成的内容包括：  （1）对图幅内的岩土体类型及其工程地质性质进行了分类，根据工程地质特征及岩石组合特征，划分为为2大类8大岩组，取得了各类岩土体物理力学参数。  （2）阐述了图幅内水文地质条件。调査评价了红层井的效果，并对区内地下水可采资源量进行了预测。  （3）针对调查区主要环境地质问题，包括地基不均匀沉降、水环境污染、地质灾害、岸坡稳定、丘陵开发利用引发的问题、垃圾处理、建材资源开采引发的环境地质问题分别进行了分析评价。  （4）按工程地质条件，将工作区分为2个工程地质大区和5个亚区。  （5）对工作区工程建设进行了适宜性分区评价，划分为适宜、较适宜和不适宜三个区。  （6）根据调查区城市规划、环境地质问题、工程地质特征等因素按5个方面进行了工程建设地学建议。  （7）对图幅范围开展了城市地质环境综合分区评价，将环境地质划分为地质环境质量较好、地质环境质量中等、地质环境质量差三级。  （8）区内红层边坡工程地质问题专题研究主要评价了调査区内自然边坡、挖方边坡及填方边坡工程地质问题，研宂了其稳定性、成因机制等问题，并提出了防治措施建议。  （9）建立了四川1:5万内江市幅环境地质调査数据库。  "
西藏拉萨市流沙河泥石流治理工程监理报告,《西藏拉萨市流沙河泥石流灾害治理工程施工》项目由地质灾害防治工程勘察设计院眉山分院承担。工区位于拉萨市北郊的夺底乡、娘热乡地域内。完成工程量:土方开挖5226m3，土方回填8551m3，余土外运2050 m3，清河道及排导槽内砂砾石堆积土6336m3，平整场地14502m3；槽底铺垫砂浆338m3，浆砌7673.38m3，干砌石2588 m3，现浇砼47.3m3；砌体勾缝16459m2，压顶及基础面层抹面2163.27m2；伸缩缝填塞沥青砂浆353.21m2。主要成果：在巴隆贡巴沟修拦砂坝、排导堤、防冲肋，把泥石流和砂石拦蓄在拦砂坝内，造就了停淤场所，减小流速，降低冲刷度和冲击破坏力，抑制泥石流发育及危害。夺底沟右侧冲沟，修筑谷坊稳定了沟床，防止了沟床下切，保防了坡体，使泥石流固体物质直接停流于谷坊坝内，减轻了泥石流的危险程度。夺底沟修排导堤，使泥石流和洪流顺排，拦蓄泥石流和洪流走向，增强了坡体抗冲能力，保护了村庄和农田。流沙河干流修建左右岸护堤、排导堤，增高和加宽了护堤，增强了流沙河的停淤量。提高了拉萨市防灾、抗灾能力，抑制泥石流发生，减轻泥石流危害和洪流灾害，增强了拉萨市区的安全性。
青藏高原（西藏）重点地区萨迦县1/5万水工环地质调查成果报告,青藏高原（西藏）重点地区萨迦县1:5万水工环地质调查的两处重点调查区分别为县城萨迦镇萨迦藏布曲河谷重点调查区和吉定镇夏布曲河谷重点调查区。目的是开展西藏萨迦县1:5万水文地质工程地质环境地质调查，查明工作区水文地质工程地质环境地质条件、地下水赋存分布状况与开发利用条件和主要环境地质问题，为县城和主要乡镇规划建设提供依据。项目编码：1212011221120，实施单位为四川省地矿局成都水文地质工程地质中心，报告提交单位为西藏自治区地质环境监测总站。2012年5月－2012年12月，地质、测量、钻探等各专业工程技术人员陆续进入工作区开始野外施工，严格按照设计书的要求完成了各项任务，完成的主要实物工作量详见表1-1。地下水动态观测于2012年5月下旬建立观测网并开始观测，于2013年4月结束观测，观测时间历时一个水文年。地表水位动态观测时间为2012年5月至2012年12月。于2013年10月27日由中国地质调查局在拉萨组织有关专家进行评审。该项目所取得的主要地质成果有：水文地质方面，查明了工作区内地下水赋存的地质背景条件，调查区地下水类型有松散堆积层孔隙水、基岩裂隙水、以及深部循环热水；工程地质方面，查明了工作区内岩土体的类型及其物理力学参数。岩体分坚硬块状火山岩组、坚硬层状砂岩、粉砂岩岩组、软弱层状砂岩、泥岩岩组等三大类；环境地质方面，查清了区内地质环境资源类型及特征，基本查清了区内主要环境地质问题为地下水污染和崩塌、泥石流地质灾害。
浙东火山岩成矿区遥感地质综合调查2008年增量项目成果报告, “浙东火山岩成矿区遥感地质综合调查”项目是中国地质调查局部署、四川省地质调查院承担实施的基础地质调查项目，项目开展时间为2008年-2010年。项目目的是在浙东火山岩成矿区开展区域成矿远景、矿产资源开发利用状况、矿山环境和矿产资源规划执行情况遥感调查与监测工作，适时地获取客观数据，形成综合分析、评价报告，为国土资源部制定矿产资源规划，保持矿产资源的可持续开发与利用提供技术支撑及决策依据。  主要工作内容: （1）开展浙东火山岩成矿区1∶25万区域成矿地质背景与成矿远景遥感调查工作；（2）开展重点矿集区1∶1万矿产资源开发利用状况、矿山环境和矿产资源规划执行情况遥感调查与监测工作；（3）选择具有重要意义的遥感异常，开展查证工作，对全区进行综合分析和评价；（4）按矿山监测技术标准（暂行）要求提交成果图件及相关报表，按规定提交所有原始数据和资料。  工作方法：以遥感数据为基础，结合矿权、矿产资源规划等数据资料，对工作区矿山开发状况、矿山环境和矿产资源开发规划执行情况进行调查与监测，工作方法包括数据资料收集、遥感数据处理、矿山开发多目标遥感信息提取、实地验证、矿山地质环境评价、质量控制、阶段成果提交、图件编制、表格填制与数据入库以及综合分析与报告编写等。  取得成果：（1）首次在浙江省利用卫星遥感技术手段开展矿山开发遥感调查与监测工作，及时准确地查明了浙东火山岩成矿区区域成果远景、矿产资源规划执行情况、矿产资源开发状况、矿山环境状况，成果数据及时为国土管理部门掌握矿山开发实时状况提供了有力的技术支撑，为国土资源的规划管理、矿政执法等相关工作提供了重要的数据支持和决策依据，具有明显的社会效益和经济效益。  （2）建立了一套相对较为成熟的具有浙东地区特点的矿山开发遥感调查与监测的理论体系和技术方法，为今后这个地区以及类似地区开展矿山开发遥感调查与监测工作奠定了基础。（3）发现了一批疑似违法开采矿山，并提交相关国土部门使用。2009年项目组在浙东火山岩成矿区内所查明102个遥感监测违规采矿点经国土资源部储量司及时提交给了浙江省国土资源厅。（4）圈定了矿山占地面积2350.10ha，并对占地类型、占地矿种、占地变化趋势进行了分析；发现各类矿山地质灾害及隐患点43处，对各灾害点位置、规模、威胁范围进行了统计。（5）开展了浙江省矿山环境恢复治理遥感监测，共完成9处矿山生态环境恢复治理
